agency_name,fiscal_year,total_budget
ADMIN FOR CHILDREN'S SERVICES,2017,5956945722
BOARD OF CORRECTION,2017,5036411
BOARD OF ELECTIONS,2017,274828362
BOROUGH PRESIDENT BRONX,2017,11329957
BOROUGH PRESIDENT - BROOKLYN,2017,13024640
BOROUGH PRESIDENT - MANHATTAN,2017,9430766
BOROUGH PRESIDENT - QUEENS,2017,10674236
BOROUGH PRESIDENT STATEN ISLAND,2017,8675697
BRONX COMMUNITY BOARD #1,2017,593782
BRONX COMMUNITY BOARD #10,2017,615401
BRONX COMMUNITY BOARD #11,2017,577878
BRONX COMMUNITY BOARD #12,2017,478429
BRONX COMMUNITY BOARD #2,2017,559202
BRONX COMMUNITY BOARD #3,2017,578806
BRONX COMMUNITY BOARD #4,2017,494826
BRONX COMMUNITY BOARD #5,2017,489186
BRONX COMMUNITY BOARD #6,2017,473469
BRONX COMMUNITY BOARD #7,2017,582787
BRONX COMMUNITY BOARD #8,2017,574927
BRONX COMMUNITY BOARD #9,2017,579208
BROOKLYN COMMUNITY BOARD #1,2017,613776
BROOKLYN COMMUNITY BOARD #10,2017,655750
BROOKLYN COMMUNITY BOARD #11,2017,566639
BROOKLYN COMMUNITY BOARD #12,2017,638319
BROOKLYN COMMUNITY BOARD #13,2017,589735
BROOKLYN COMMUNITY BOARD #14,2017,616959
BROOKLYN COMMUNITY BOARD #15,2017,467822
BROOKLYN COMMUNITY BOARD #16,2017,594400
BROOKLYN COMMUNITY BOARD #17,2017,645091
BROOKLYN COMMUNITY BOARD #18,2017,467826
BROOKLYN COMMUNITY BOARD #2,2017,564770
BROOKLYN COMMUNITY BOARD #3,2017,550697
BROOKLYN COMMUNITY BOARD #4,2017,573346
BROOKLYN COMMUNITY BOARD #5,2017,467822
BROOKLYN COMMUNITY BOARD #6,2017,526680
BROOKLYN COMMUNITY BOARD #7,2017,484822
BROOKLYN COMMUNITY BOARD #8,2017,597086
BROOKLYN COMMUNITY BOARD #9,2017,587358
BROOKLYN PUBLIC LIBRARY,2017,203913033
BUSINESS INTEGRITY COMMISSION,2017,17331769
CAMPAIGN FINANCE BOARD,2017,30003672
CITY CLERK,2017,11235585
CITY COUNCIL,2017,122047410
CITY UNIVERSITY OF NEW YORK,2017,2135442455
CIVILIAN COMPLAINT REVIEW BOARD,2017,31748422
CIVIL SERVICE COMMISSION,2017,2061726
COMMISSION ON HUMAN RIGHTS,2017,21959598
CONFLICTS OF INTEREST BOARD,2017,4682636
DEBT SERVICE,2017,10658303092
DEPARTMENT FOR THE AGING,2017,641644277
DEPARTMENT OF BUILDINGS,2017,290134262
DEPARTMENT OF CITY PLANNING,2017,79875222
DEPARTMENT OF CITYWIDE ADMIN SERVICE,2017,2390344699
DEPARTMENT OF CONSUMER AFFAIRS,2017,81170035
DEPARTMENT OF CORRECTION,2017,2642748963
DEPARTMENT OF CULTURAL AFFAIRS,2017,341379539
DEPARTMENT OF DESIGN & CONSTRUCTION,2017,1239976714
DEPARTMENT OF EDUCATION,2017,44218195769
DEPARTMENT OF EMERGENCY MANAGEMENT,2017,103387004
DEPARTMENT OF ENVIRONMENTAL PROTECT.,2017,2926617305
DEPARTMENT OF FINANCE,2017,540723656
DEPARTMENT OF HEALTH AND MENTAL HYGIENE,2017,3038809108
DEPARTMENT OF HOMELESS SERVICES,2017,2639362545
DEPARTMENT OF INFO TECH & TELECOMM,2017,1364746813
DEPARTMENT OF INVESTIGATION,2017,101770257
DEPARTMENT OF PARKS AND RECREATION,2017,987355850
DEPARTMENT OF PROBATION,2017,199935377
DEPARTMENT OF RECORDS & INFORMATION SVS,2017,16390619
DEPARTMENT OF SANITATION,2017,3081174135
DEPARTMENT OF SMALL BUSINESS SERVICES,2017,677764923
DEPARTMENT OF SOCIAL SERVICES,2017,19062375321
DEPARTMENT OF TRANSPORTATION,2017,1939563549
DEPARTMENT OF VETERANS' SERVICES,2017,0
DEPARTMENT OF YOUTH & COMMUNITY DEV,2017,1370707860
DISTRICT ATTORNEY BRONX COUNTY,2017,123242048
DISTRICT ATTORNEY KINGS COUNTY,2017,195669673
DISTRICT ATTORNEY NEW YORK COUNTY,2017,240030123
DISTRICT ATTORNEY QUEENS COUNTY,2017,119036285
DISTRICT ATTORNEY RICHMOND COUNTY,2017,21438084
EQUAL EMPLOYMENT PRACTICES COMMISSION,2017,2040362
FINANCIAL INFORMATION SERVICE AGENCY,2017,193020955
FIRE DEPARTMENT,2017,4086956050
HEALTH AND HOSPITALS CORP,2017,2026666045
HOUSING PRESERVATION AND DEVELOPMENT,2017,2147215088
INDEPENDENT BUDGET OFFICE,2017,10993810
LANDMARKS PRESERVATION COMM.,2017,11544174
LAW DEPARTMENT,2017,391823238
MANHATTAN COMMUNITY BOARD #1,2017,882322
MANHATTAN COMMUNITY BOARD #10,2017,653324
MANHATTAN COMMUNITY BOARD #11,2017,624205
MANHATTAN COMMUNITY BOARD #12,2017,679070
MANHATTAN COMMUNITY BOARD #2,2017,704575
MANHATTAN COMMUNITY BOARD #3,2017,783423
MANHATTAN COMMUNITY BOARD #4,2017,644052
MANHATTAN COMMUNITY BOARD #5,2017,676148
MANHATTAN COMMUNITY BOARD #6,2017,858250
MANHATTAN COMMUNITY BOARD #7,2017,647987
MANHATTAN COMMUNITY BOARD #8,2017,807090
MANHATTAN COMMUNITY BOARD #9,2017,570621
MAYORALTY,2017,252240279
MISCELLANEOUS,2017,18930236580
NEW YORK PUBLIC LIBRARY,2017,267391710
NEW YORK RESEARCH LIBRARIES,2017,53760488
NYC TAXI AND LIMOUSINE COMM,2017,121296354
OFFICE OF ADMINISTRATIVE TAX APPEALS,2017,9337840
OFFICE OF ADMIN TRIALS & HEARINGS,2017,76243472
OFFICE OF COLLECTIVE BARGAINING,2017,4928149
OFFICE OF PAYROLL ADMINISTRATION,2017,35780779
OFFICE OF PROSECUTION SPEC NARCO,2017,43068294
OFFICE OF THE ACTUARY,2017,14449659
OFFICE OF THE COMPTROLLER,2017,189179683
PENSION CONTRIBUTIONS,2017,18628229072
POLICE DEPARTMENT,2017,11034488851
PUBLIC ADMINISTRATOR-BRONX COUNTY,2017,1293972
PUBLIC ADMINISTRATOR-KINGS COUNTY,2017,1549806
PUBLIC ADMINISTRATOR-NEW YORK COUNTY,2017,3504396
PUBLIC ADMINISTRATOR- QUEENS COUNTY,2017,1145748
PUBLIC ADMINISTRATOR-RICHMOND COUNTY,2017,954084
PUBLIC ADVOCATE,2017,6800813
QUEENS BOROUGH PUBLIC LIBRARY,2017,203091486
QUEENS COMMUNITY BOARD #1,2017,606336
QUEENS COMMUNITY BOARD #10,2017,565372
QUEENS COMMUNITY BOARD #11,2017,595453
QUEENS COMMUNITY BOARD #12,2017,570806
QUEENS COMMUNITY BOARD #13,2017,539542
QUEENS COMMUNITY BOARD #14,2017,525511
QUEENS COMMUNITY BOARD #2,2017,637672
QUEENS COMMUNITY BOARD #3,2017,666628
QUEENS COMMUNITY BOARD #4,2017,561548
QUEENS COMMUNITY BOARD #5,2017,549215
QUEENS COMMUNITY BOARD #6,2017,572534
QUEENS COMMUNITY BOARD #7,2017,643318
QUEENS COMMUNITY BOARD #8,2017,624073
QUEENS COMMUNITY BOARD #9,2017,473884
STATEN ISLAND COMMUNITY BOARD #1,2017,585774
STATEN ISLAND COMMUNITY BOARD #2,2017,557826
STATEN ISLAND COMMUNITY BOARD #3,2017,689197
ADMIN FOR CHILDREN'S SERVICES,2018,9078936263
BOARD OF CORRECTION,2018,8755441
BOARD OF ELECTIONS,2018,393081789
BOROUGH PRESIDENT BRONX,2018,17392681
BOROUGH PRESIDENT - BROOKLYN,2018,19196066
BOROUGH PRESIDENT - MANHATTAN,2018,14517207
BOROUGH PRESIDENT - QUEENS,2018,16061140
BOROUGH PRESIDENT STATEN ISLAND,2018,13287967
BRONX COMMUNITY BOARD #1,2018,874743
BRONX COMMUNITY BOARD #10,2018,904775
BRONX COMMUNITY BOARD #11,2018,869397
BRONX COMMUNITY BOARD #12,2018,717000
BRONX COMMUNITY BOARD #2,2018,845064
BRONX COMMUNITY BOARD #3,2018,882670
BRONX COMMUNITY BOARD #4,2018,742239
BRONX COMMUNITY BOARD #5,2018,733779
BRONX COMMUNITY BOARD #6,2018,711547
BRONX COMMUNITY BOARD #7,2018,898682
BRONX COMMUNITY BOARD #8,2018,874165
BRONX COMMUNITY BOARD #9,2018,858342
BROOKLYN COMMUNITY BOARD #1,2018,922976
BROOKLYN COMMUNITY BOARD #10,2018,966520
BROOKLYN COMMUNITY BOARD #11,2018,848450
BROOKLYN COMMUNITY BOARD #12,2018,946810
BROOKLYN COMMUNITY BOARD #13,2018,886114
BROOKLYN COMMUNITY BOARD #14,2018,939635
BROOKLYN COMMUNITY BOARD #15,2018,701733
BROOKLYN COMMUNITY BOARD #16,2018,807741
BROOKLYN COMMUNITY BOARD #17,2018,930637
BROOKLYN COMMUNITY BOARD #18,2018,701739
BROOKLYN COMMUNITY BOARD #2,2018,846681
BROOKLYN COMMUNITY BOARD #3,2018,830430
BROOKLYN COMMUNITY BOARD #4,2018,860838
BROOKLYN COMMUNITY BOARD #5,2018,701733
BROOKLYN COMMUNITY BOARD #6,2018,752466
BROOKLYN COMMUNITY BOARD #7,2018,712233
BROOKLYN COMMUNITY BOARD #8,2018,914275
BROOKLYN COMMUNITY BOARD #9,2018,1170133
BROOKLYN PUBLIC LIBRARY,2018,307456386
BUSINESS INTEGRITY COMMISSION,2018,30091744
CAMPAIGN FINANCE BOARD,2018,48614990
CITY CLERK,2018,17967435
CITY COUNCIL,2018,192232332
CITY UNIVERSITY OF NEW YORK,2018,3537893049
CITYWIDE SAVINGS INITIATIVES,2018,0
CIVILIAN COMPLAINT REVIEW BOARD,2018,48611575
CIVIL SERVICE COMMISSION,2018,3257910
COMMISSION ON HUMAN RIGHTS,2018,35539951
CONFLICTS OF INTEREST BOARD,2018,7683360
DEBT SERVICE,2018,14970863621
DEPARTMENT FOR THE AGING,2018,1027510012
DEPARTMENT OF BUILDINGS,2018,498542266
DEPARTMENT OF CITY PLANNING,2018,135411774
DEPARTMENT OF CITYWIDE ADMIN SERVICE,2018,3610183200
DEPARTMENT OF CONSUMER AFFAIRS,2018,119127432
DEPARTMENT OF CORRECTION,2018,4193194354
DEPARTMENT OF CULTURAL AFFAIRS,2018,561486148
DEPARTMENT OF DESIGN & CONSTRUCTION,2018,2105041395
DEPARTMENT OF EDUCATION,2018,70017443332
DEPARTMENT OF EMERGENCY MANAGEMENT,2018,200914830
DEPARTMENT OF ENVIRONMENTAL PROTECT.,2018,4643748783
DEPARTMENT OF FINANCE,2018,835143845
DEPARTMENT OF HEALTH AND MENTAL HYGIENE,2018,4949059646
DEPARTMENT OF HOMELESS SERVICES,2018,4960905689
DEPARTMENT OF INFO TECH & TELECOMM,2018,2142345550
DEPARTMENT OF INVESTIGATION,2018,168909743
DEPARTMENT OF PARKS AND RECREATION,2018,1631529627
DEPARTMENT OF PROBATION,2018,306685970
DEPARTMENT OF RECORDS & INFORMATION SVS,2018,24895186
DEPARTMENT OF SANITATION,2018,4845957978
DEPARTMENT OF SMALL BUSINESS SERVICES,2018,1019245485
DEPARTMENT OF SOCIAL SERVICES,2018,29103635321
DEPARTMENT OF TRANSPORTATION,2018,2996392560
DEPARTMENT OF VETERANS' SERVICES,2018,11968000
DEPARTMENT OF YOUTH & COMMUNITY DEV,2018,2252569783
DISTRICT ATTORNEY BRONX COUNTY,2018,223590311
DISTRICT ATTORNEY KINGS COUNTY,2018,300664678
DISTRICT ATTORNEY NEW YORK COUNTY,2018,377373623
DISTRICT ATTORNEY QUEENS COUNTY,2018,198313610
DISTRICT ATTORNEY RICHMOND COUNTY,2018,43580348
ENERGY ADJUSTMENT,2018,0
EQUAL EMPLOYMENT PRACTICES COMMISSION,2018,3345562
FINANCIAL INFORMATION SERVICE AGENCY,2018,310983579
FIRE DEPARTMENT,2018,6169099195
HEALTH AND HOSPITALS CORP,2018,1584068927
HOUSING PRESERVATION AND DEVELOPMENT,2018,4038395245
INDEPENDENT BUDGET OFFICE,2018,17588914
LANDMARKS PRESERVATION COMM.,2018,18518000
LAW DEPARTMENT,2018,667060639
LEASE ADJUSTMENT,2018,0
MANHATTAN COMMUNITY BOARD #1,2018,1259163
MANHATTAN COMMUNITY BOARD #10,2018,995715
MANHATTAN COMMUNITY BOARD #11,2018,967639
MANHATTAN COMMUNITY BOARD #12,2018,1796419
MANHATTAN COMMUNITY BOARD #2,2018,1213907
MANHATTAN COMMUNITY BOARD #3,2018,1240833
MANHATTAN COMMUNITY BOARD #4,2018,967785
MANHATTAN COMMUNITY BOARD #5,2018,953814
MANHATTAN COMMUNITY BOARD #6,2018,1351644
MANHATTAN COMMUNITY BOARD #7,2018,971055
MANHATTAN COMMUNITY BOARD #8,2018,1243236
MANHATTAN COMMUNITY BOARD #9,2018,1155669
MAYORALTY,2018,400408184
MISCELLANEOUS,2018,29122266038
NEW YORK PUBLIC LIBRARY,2018,410766314
NEW YORK RESEARCH LIBRARIES,2018,82737026
NYC TAXI AND LIMOUSINE COMM,2018,188165435
OFFICE OF ADMINISTRATIVE TAX APPEALS,2018,15001972
OFFICE OF ADMIN TRIALS & HEARINGS,2018,124066463
OFFICE OF COLLECTIVE BARGAINING,2018,7120147
OFFICE OF PAYROLL ADMINISTRATION,2018,50104984
OFFICE OF PROSECUTION SPEC NARCO,2018,66376111
OFFICE OF THE ACTUARY,2018,21574541
OFFICE OF THE COMPTROLLER,2018,315167520
PENSION CONTRIBUTIONS,2018,28230157984
POLICE DEPARTMENT,2018,16584409141
PUBLIC ADMINISTRATOR-BRONX COUNTY,2018,2151873
PUBLIC ADMINISTRATOR-KINGS COUNTY,2018,2571137
PUBLIC ADMINISTRATOR-NEW YORK COUNTY,2018,5301334
PUBLIC ADMINISTRATOR- QUEENS COUNTY,2018,1836763
PUBLIC ADMINISTRATOR-RICHMOND COUNTY,2018,1544979
PUBLIC ADVOCATE,2018,10798175
QUEENS BOROUGH PUBLIC LIBRARY,2018,312902584
QUEENS COMMUNITY BOARD #1,2018,940948
QUEENS COMMUNITY BOARD #10,2018,847536
QUEENS COMMUNITY BOARD #11,2018,910606
QUEENS COMMUNITY BOARD #12,2018,865145
QUEENS COMMUNITY BOARD #13,2018,816249
QUEENS COMMUNITY BOARD #14,2018,788772
QUEENS COMMUNITY BOARD #2,2018,959361
QUEENS COMMUNITY BOARD #3,2018,997326
QUEENS COMMUNITY BOARD #4,2018,833064
QUEENS COMMUNITY BOARD #5,2018,823424
QUEENS COMMUNITY BOARD #6,2018,867592
QUEENS COMMUNITY BOARD #7,2018,965693
QUEENS COMMUNITY BOARD #8,2018,923291
QUEENS COMMUNITY BOARD #9,2018,710456
STATEN ISLAND COMMUNITY BOARD #1,2018,881637
STATEN ISLAND COMMUNITY BOARD #2,2018,842751
STATEN ISLAND COMMUNITY BOARD #3,2018,1035964
ADMIN FOR CHILDREN'S SERVICES,2019,9459833112
BOARD OF CORRECTION,2019,8359234
BOARD OF ELECTIONS,2019,429102291
BOROUGH PRESIDENT BRONX,2019,18053895
BOROUGH PRESIDENT - BROOKLYN,2019,20073429
BOROUGH PRESIDENT - MANHATTAN,2019,15063628
BOROUGH PRESIDENT - QUEENS,2019,16851611
BOROUGH PRESIDENT STATEN ISLAND,2019,13667351
BRONX COMMUNITY BOARD #1,2019,882771
BRONX COMMUNITY BOARD #10,2019,913246
BRONX COMMUNITY BOARD #11,2019,869763
BRONX COMMUNITY BOARD #12,2019,718005
BRONX COMMUNITY BOARD #2,2019,900177
BRONX COMMUNITY BOARD #3,2019,889847
BRONX COMMUNITY BOARD #4,2019,742239
BRONX COMMUNITY BOARD #5,2019,718782
BRONX COMMUNITY BOARD #6,2019,701733
BRONX COMMUNITY BOARD #7,2019,897965
BRONX COMMUNITY BOARD #8,2019,878881
BRONX COMMUNITY BOARD #9,2019,907785
BROOKLYN COMMUNITY BOARD #1,2019,923769
BROOKLYN COMMUNITY BOARD #10,2019,978912
BROOKLYN COMMUNITY BOARD #11,2019,908351
BROOKLYN COMMUNITY BOARD #12,2019,958304
BROOKLYN COMMUNITY BOARD #13,2019,886391
BROOKLYN COMMUNITY BOARD #14,2019,958636
BROOKLYN COMMUNITY BOARD #15,2019,701733
BROOKLYN COMMUNITY BOARD #16,2019,809170
BROOKLYN COMMUNITY BOARD #17,2019,951818
BROOKLYN COMMUNITY BOARD #18,2019,701739
BROOKLYN COMMUNITY BOARD #2,2019,852951
BROOKLYN COMMUNITY BOARD #3,2019,862256
BROOKLYN COMMUNITY BOARD #4,2019,869315
BROOKLYN COMMUNITY BOARD #5,2019,701733
BROOKLYN COMMUNITY BOARD #6,2019,753225
BROOKLYN COMMUNITY BOARD #7,2019,742233
BROOKLYN COMMUNITY BOARD #8,2019,920284
BROOKLYN COMMUNITY BOARD #9,2019,1011206
BROOKLYN PUBLIC LIBRARY,2019,314921518
BUSINESS INTEGRITY COMMISSION,2019,26928616
CAMPAIGN FINANCE BOARD,2019,143986093
CITY CLERK,2019,16594117
CITY COUNCIL,2019,195232332
CITY UNIVERSITY OF NEW YORK,2019,3796653065
CITYWIDE SAVINGS INITIATIVES,2019,0
CIVILIAN COMPLAINT REVIEW BOARD,2019,48696302
CIVIL SERVICE COMMISSION,2019,3196869
COMMISSION ON HUMAN RIGHTS,2019,44565954
CONFLICTS OF INTEREST BOARD,2019,7741230
DEBT SERVICE,2019,15275300678
DEPARTMENT FOR THE AGING,2019,1125414300
DEPARTMENT OF BUILDINGS,2019,546327932
DEPARTMENT OF CITY PLANNING,2019,139027907
DEPARTMENT OF CITYWIDE ADMIN SERVICE,2019,3742207061
DEPARTMENT OF CONSUMER AFFAIRS,2019,125302563
DEPARTMENT OF CORRECTION,2019,4320194616
DEPARTMENT OF CULTURAL AFFAIRS,2019,584477021
DEPARTMENT OF DESIGN & CONSTRUCTION,2019,1599966015
DEPARTMENT OF EDUCATION,2019,73792636723
DEPARTMENT OF EMERGENCY MANAGEMENT,2019,205373578
DEPARTMENT OF ENVIRONMENTAL PROTECT.,2019,4479192094
DEPARTMENT OF FINANCE,2019,902457951
DEPARTMENT OF HEALTH AND MENTAL HYGIENE,2019,5177429669
DEPARTMENT OF HOMELESS SERVICES,2019,5779434452
DEPARTMENT OF INFO TECH & TELECOMM,2019,2267240455
DEPARTMENT OF INVESTIGATION,2019,165584908
DEPARTMENT OF PARKS AND RECREATION,2019,1693852826
DEPARTMENT OF PROBATION,2019,327428188
DEPARTMENT OF RECORDS & INFORMATION SVS,2019,24797131
DEPARTMENT OF SANITATION,2019,5102094536
DEPARTMENT OF SMALL BUSINESS SERVICES,2019,936724891
DEPARTMENT OF SOCIAL SERVICES,2019,29758233872
DEPARTMENT OF TRANSPORTATION,2019,3007738449
DEPARTMENT OF VETERANS' SERVICES,2019,12941973
DEPARTMENT OF YOUTH & COMMUNITY DEV,2019,2516829723
DISTRICT ATTORNEY BRONX COUNTY,2019,225529031
DISTRICT ATTORNEY KINGS COUNTY,2019,301424201
DISTRICT ATTORNEY NEW YORK COUNTY,2019,373776346
DISTRICT ATTORNEY QUEENS COUNTY,2019,197346447
DISTRICT ATTORNEY RICHMOND COUNTY,2019,45899364
ENERGY ADJUSTMENT,2019,0
EQUAL EMPLOYMENT PRACTICES COMMISSION,2019,3323095
FINANCIAL INFORMATION SERVICE AGENCY,2019,323736536
FIRE DEPARTMENT,2019,6338845473
HEALTH AND HOSPITALS CORP,2019,2094496033
HOUSING PRESERVATION AND DEVELOPMENT,2019,3942941848
INDEPENDENT BUDGET OFFICE,2019,16688127
LANDMARKS PRESERVATION COMM.,2019,18873955
LAW DEPARTMENT,2019,664735752
LEASE ADJUSTMENT,2019,0
MANHATTAN COMMUNITY BOARD #1,2019,1228892
MANHATTAN COMMUNITY BOARD #10,2019,1061915
MANHATTAN COMMUNITY BOARD #11,2019,983608
MANHATTAN COMMUNITY BOARD #12,2019,1197378
MANHATTAN COMMUNITY BOARD #2,2019,1077138
MANHATTAN COMMUNITY BOARD #3,2019,1147216
MANHATTAN COMMUNITY BOARD #4,2019,985540
MANHATTAN COMMUNITY BOARD #5,2019,959049
MANHATTAN COMMUNITY BOARD #6,2019,1390151
MANHATTAN COMMUNITY BOARD #7,2019,984305
MANHATTAN COMMUNITY BOARD #8,2019,1245912
MANHATTAN COMMUNITY BOARD #9,2019,1113156
MAYORALTY,2019,419976603
MISCELLANEOUS,2019,29807988433
NEW YORK PUBLIC LIBRARY,2019,417598767
NEW YORK RESEARCH LIBRARIES,2019,84283046
NYC TAXI AND LIMOUSINE COMM,2019,163913761
OFFICE OF ADMINISTRATIVE TAX APPEALS,2019,15145091
OFFICE OF ADMIN TRIALS & HEARINGS,2019,142305690
OFFICE OF COLLECTIVE BARGAINING,2019,7368171
OFFICE OF PAYROLL ADMINISTRATION,2019,50696689
OFFICE OF PROSECUTION SPEC NARCO,2019,67156933
OFFICE OF THE ACTUARY,2019,22363637
OFFICE OF THE COMPTROLLER,2019,317170015
PENSION CONTRIBUTIONS,2019,28793978206
POLICE DEPARTMENT,2019,17432274039
PUBLIC ADMINISTRATOR-BRONX COUNTY,2019,2172204
PUBLIC ADMINISTRATOR-KINGS COUNTY,2019,2555190
PUBLIC ADMINISTRATOR-NEW YORK COUNTY,2019,8592066
PUBLIC ADMINISTRATOR- QUEENS COUNTY,2019,1861983
PUBLIC ADMINISTRATOR-RICHMOND COUNTY,2019,1573935
PUBLIC ADVOCATE,2019,10860990
QUEENS BOROUGH PUBLIC LIBRARY,2019,321316801
QUEENS COMMUNITY BOARD #1,2019,936675
QUEENS COMMUNITY BOARD #10,2019,847205
QUEENS COMMUNITY BOARD #11,2019,948640
QUEENS COMMUNITY BOARD #12,2019,878097
QUEENS COMMUNITY BOARD #13,2019,830032
QUEENS COMMUNITY BOARD #14,2019,789311
QUEENS COMMUNITY BOARD #2,2019,946836
QUEENS COMMUNITY BOARD #3,2019,997326
QUEENS COMMUNITY BOARD #4,2019,857778
QUEENS COMMUNITY BOARD #5,2019,820606
QUEENS COMMUNITY BOARD #6,2019,874197
QUEENS COMMUNITY BOARD #7,2019,967553
QUEENS COMMUNITY BOARD #8,2019,967025
QUEENS COMMUNITY BOARD #9,2019,710412
STATEN ISLAND COMMUNITY BOARD #1,2019,883155
STATEN ISLAND COMMUNITY BOARD #2,2019,843102
STATEN ISLAND COMMUNITY BOARD #3,2019,1027250
ADMIN FOR CHILDREN'S SERVICES,2020,9576567696
BOARD OF CORRECTION,2020,8613227
BOARD OF ELECTIONS,2020,441834026
BOROUGH PRESIDENT BRONX,2020,18390370
BOROUGH PRESIDENT - BROOKLYN,2020,20545154
BOROUGH PRESIDENT - MANHATTAN,2020,15411310
BOROUGH PRESIDENT - QUEENS,2020,19445181
BOROUGH PRESIDENT STATEN ISLAND,2020,13932296
BRONX COMMUNITY BOARD #1,2020,1051755
BRONX COMMUNITY BOARD #10,2020,1074902
BRONX COMMUNITY BOARD #11,2020,1033484
BRONX COMMUNITY BOARD #12,2020,873608
BRONX COMMUNITY BOARD #2,2020,1025333
BRONX COMMUNITY BOARD #3,2020,1047205
BRONX COMMUNITY BOARD #4,2020,898715
BRONX COMMUNITY BOARD #5,2020,860258
BRONX COMMUNITY BOARD #6,2020,858209
BRONX COMMUNITY BOARD #7,2020,1039329
BRONX COMMUNITY BOARD #8,2020,1033280
BRONX COMMUNITY BOARD #9,2020,1068725
BROOKLYN COMMUNITY BOARD #1,2020,1080320
BROOKLYN COMMUNITY BOARD #10,2020,1149549
BROOKLYN COMMUNITY BOARD #11,2020,1064913
BROOKLYN COMMUNITY BOARD #12,2020,1118928
BROOKLYN COMMUNITY BOARD #13,2020,1044862
BROOKLYN COMMUNITY BOARD #14,2020,1114489
BROOKLYN COMMUNITY BOARD #15,2020,858209
BROOKLYN COMMUNITY BOARD #16,2020,969218
BROOKLYN COMMUNITY BOARD #17,2020,1158321
BROOKLYN COMMUNITY BOARD #18,2020,858215
BROOKLYN COMMUNITY BOARD #2,2020,1069577
BROOKLYN COMMUNITY BOARD #3,2020,1037694
BROOKLYN COMMUNITY BOARD #4,2020,1045175
BROOKLYN COMMUNITY BOARD #5,2020,858209
BROOKLYN COMMUNITY BOARD #6,2020,905981
BROOKLYN COMMUNITY BOARD #7,2020,913709
BROOKLYN COMMUNITY BOARD #8,2020,1081524
BROOKLYN COMMUNITY BOARD #9,2020,1178662
BROOKLYN PUBLIC LIBRARY,2020,332138369
BUSINESS INTEGRITY COMMISSION,2020,27400320
CAMPAIGN FINANCE BOARD,2020,85635155
CITY CLERK,2020,17678923
CITY COUNCIL,2020,246369073
CITY UNIVERSITY OF NEW YORK,2020,3949281513
CITYWIDE SAVINGS INITIATIVES,2020,0
CIVILIAN COMPLAINT REVIEW BOARD,2020,53465632
CIVIL SERVICE COMMISSION,2020,3318235
COMMISSION ON HUMAN RIGHTS,2020,41238514
CONFLICTS OF INTEREST BOARD,2020,7963321
DEBT SERVICE,2020,15472558347
DEPARTMENT FOR THE AGING,2020,1192375379
DEPARTMENT OF BUILDINGS,2020,599020922
DEPARTMENT OF CITY PLANNING,2020,154150234
DEPARTMENT OF CITYWIDE ADMIN SERVICE,2020,3784298051
DEPARTMENT OF CONSUMER AFFAIRS,2020,129498878
DEPARTMENT OF CORRECTION,2020,4147243087
DEPARTMENT OF CULTURAL AFFAIRS,2020,625524048
DEPARTMENT OF DESIGN & CONSTRUCTION,2020,846897236
DEPARTMENT OF EDUCATION,2020,79304164953
DEPARTMENT OF EMERGENCY MANAGEMENT,2020,217003534
DEPARTMENT OF EMPLOYMENT,2020,0
DEPARTMENT OF ENVIRONMENTAL PROTECT.,2020,4355347301
DEPARTMENT OF FINANCE,2020,929670721
DEPARTMENT OF HEALTH AND MENTAL HYGIENE,2020,5525045900
DEPARTMENT OF HOMELESS SERVICES,2020,6339726093
DEPARTMENT OF INFO TECH & TELECOMM,2020,2222374609
DEPARTMENT OF INVESTIGATION,2020,163912577
DEPARTMENT OF JUVENILE JUSTICE,2020,0
DEPARTMENT OF MENTAL HEALTH,2020,0
DEPARTMENT OF PARKS AND RECREATION,2020,1742575475
DEPARTMENT OF PROBATION,2020,367988383
DEPARTMENT OF RECORDS & INFORMATION SVS,2020,31244794
DEPARTMENT OF SANITATION,2020,5296239937
DEPARTMENT OF SMALL BUSINESS SERVICES,2020,937009509
DEPARTMENT OF SOCIAL SERVICES,2020,30498128555
DEPARTMENT OF TRANSPORTATION,2020,3205051109
DEPARTMENT OF VETERANS' SERVICES,2020,16091770
DEPARTMENT OF YOUTH & COMMUNITY DEV,2020,2718707166
DISTRICT ATTORNEY BRONX COUNTY,2020,248650259
DISTRICT ATTORNEY KINGS COUNTY,2020,332895928
DISTRICT ATTORNEY NEW YORK COUNTY,2020,387922777
DISTRICT ATTORNEY QUEENS COUNTY,2020,215311968
DISTRICT ATTORNEY RICHMOND COUNTY,2020,50064156
DISTRICTING COMMISSION,2020,0
ENERGY ADJUSTMENT,2020,0
EQUAL EMPLOYMENT PRACTICES COMMISSION,2020,3510304
FINANCIAL INFORMATION SERVICE AGENCY,2020,340646996
FIRE DEPARTMENT,2020,6355739112
HEALTH AND HOSPITALS CORP,2020,2506851507
HOUSING PRESERVATION AND DEVELOPMENT,2020,3958196763
INDEPENDENT BUDGET OFFICE,2020,17188579
LANDMARKS PRESERVATION COMM.,2020,20797990
LAW DEPARTMENT,2020,754530002
LEASE ADJUSTMENT,2020,0
MANHATTAN COMMUNITY BOARD #1,2020,1338292
MANHATTAN COMMUNITY BOARD #10,2020,1217741
MANHATTAN COMMUNITY BOARD #11,2020,1095237
MANHATTAN COMMUNITY BOARD #12,2020,1329239
MANHATTAN COMMUNITY BOARD #2,2020,1291091
MANHATTAN COMMUNITY BOARD #3,2020,1292166
MANHATTAN COMMUNITY BOARD #4,2020,1252886
MANHATTAN COMMUNITY BOARD #5,2020,1120871
MANHATTAN COMMUNITY BOARD #6,2020,1688540
MANHATTAN COMMUNITY BOARD #7,2020,1141309
MANHATTAN COMMUNITY BOARD #8,2020,1463321
MANHATTAN COMMUNITY BOARD #9,2020,1269789
MAYORALTY,2020,461707489
MISCELLANEOUS,2020,33520193614
NEW YORK PUBLIC LIBRARY,2020,438448911
NEW YORK RESEARCH LIBRARIES,2020,85970288
NYC TAXI AND LIMOUSINE COMM,2020,152999936
OFFICE OF ADMINISTRATIVE TAX APPEALS,2020,16271679
OFFICE OF ADMIN TRIALS & HEARINGS,2020,149913363
OFFICE OF COLLECTIVE BARGAINING,2020,7030724
OFFICE OF PAYROLL ADMINISTRATION,2020,51177123
OFFICE OF PROSECUTION SPEC NARCO,2020,70046769
OFFICE OF THE ACTUARY,2020,21523092
OFFICE OF THE COMPTROLLER,2020,329170351
PENSION CONTRIBUTIONS,2020,29645727606
POLICE DEPARTMENT,2020,17699264875
PUBLIC ADMINISTRATOR-BRONX COUNTY,2020,2151037
PUBLIC ADMINISTRATOR-KINGS COUNTY,2020,2664501
PUBLIC ADMINISTRATOR-NEW YORK COUNTY,2020,8885525
PUBLIC ADMINISTRATOR- QUEENS COUNTY,2020,1928999
PUBLIC ADMINISTRATOR-RICHMOND COUNTY,2020,1724133
PUBLIC ADVOCATE,2020,11027505
QUEENS BOROUGH PUBLIC LIBRARY,2020,343173387
QUEENS COMMUNITY BOARD #1,2020,1106500
QUEENS COMMUNITY BOARD #10,2020,1004440
QUEENS COMMUNITY BOARD #11,2020,1106226
QUEENS COMMUNITY BOARD #12,2020,1036399
QUEENS COMMUNITY BOARD #13,2020,992216
QUEENS COMMUNITY BOARD #14,2020,956045
QUEENS COMMUNITY BOARD #2,2020,1104428
QUEENS COMMUNITY BOARD #3,2020,1203302
QUEENS COMMUNITY BOARD #4,2020,1075205
QUEENS COMMUNITY BOARD #5,2020,977339
QUEENS COMMUNITY BOARD #6,2020,1031001
QUEENS COMMUNITY BOARD #7,2020,1125020
QUEENS COMMUNITY BOARD #8,2020,1123902
QUEENS COMMUNITY BOARD #9,2020,867011
STATEN ISLAND COMMUNITY BOARD #1,2020,1041194
STATEN ISLAND COMMUNITY BOARD #2,2020,995336
STATEN ISLAND COMMUNITY BOARD #3,2020,1194203
ADMIN FOR CHILDREN'S SERVICES,2021,8203290957
BOARD OF CORRECTION,2021,9348683
BOARD OF ELECTIONS,2021,736696455
BOROUGH PRESIDENT BRONX,2021,18500568
BOROUGH PRESIDENT - BROOKLYN,2021,23036323
BOROUGH PRESIDENT - MANHATTAN,2021,15660665
BOROUGH PRESIDENT - QUEENS,2021,19309356
BOROUGH PRESIDENT STATEN ISLAND,2021,14147209
BRONX COMMUNITY BOARD #1,2021,1083002
BRONX COMMUNITY BOARD #10,2021,1104428
BRONX COMMUNITY BOARD #11,2021,1066024
BRONX COMMUNITY BOARD #12,2021,909235
BRONX COMMUNITY BOARD #2,2021,1057868
BRONX COMMUNITY BOARD #3,2021,1078340
BRONX COMMUNITY BOARD #4,2021,924158
BRONX COMMUNITY BOARD #5,2021,888701
BRONX COMMUNITY BOARD #6,2021,886652
BRONX COMMUNITY BOARD #7,2021,1068510
BRONX COMMUNITY BOARD #8,2021,1055297
BRONX COMMUNITY BOARD #9,2021,1203625
BROOKLYN COMMUNITY BOARD #1,2021,1108757
BROOKLYN COMMUNITY BOARD #10,2021,1175164
BROOKLYN COMMUNITY BOARD #11,2021,1098609
BROOKLYN COMMUNITY BOARD #12,2021,1180940
BROOKLYN COMMUNITY BOARD #13,2021,1074368
BROOKLYN COMMUNITY BOARD #14,2021,1137524
BROOKLYN COMMUNITY BOARD #15,2021,886652
BROOKLYN COMMUNITY BOARD #16,2021,1000661
BROOKLYN COMMUNITY BOARD #17,2021,1152118
BROOKLYN COMMUNITY BOARD #18,2021,886658
BROOKLYN COMMUNITY BOARD #2,2021,1101041
BROOKLYN COMMUNITY BOARD #3,2021,1040312
BROOKLYN COMMUNITY BOARD #4,2021,1073990
BROOKLYN COMMUNITY BOARD #5,2021,886652
BROOKLYN COMMUNITY BOARD #6,2021,924725
BROOKLYN COMMUNITY BOARD #7,2021,934652
BROOKLYN COMMUNITY BOARD #8,2021,1112140
BROOKLYN COMMUNITY BOARD #9,2021,1215509
BROOKLYN PUBLIC LIBRARY,2021,356630018
BUSINESS INTEGRITY COMMISSION,2021,28144092
CAMPAIGN FINANCE BOARD,2021,80723890
CITY CLERK,2021,17322260
CITY COUNCIL,2021,260304448
CITY UNIVERSITY OF NEW YORK,2021,4004469066
CITYWIDE SAVINGS INITIATIVES,2021,0
CIVILIAN COMPLAINT REVIEW BOARD,2021,58533343
CIVIL SERVICE COMMISSION,2021,3480660
COMMISSION ON HUMAN RIGHTS,2021,41551569
CONFLICTS OF INTEREST BOARD,2021,8019889
DEBT SERVICE,2021,15911343343
DEPARTMENT FOR THE AGING,2021,1300969323
DEPARTMENT OF BUILDINGS,2021,609335908
DEPARTMENT OF CITY PLANNING,2021,153881917
DEPARTMENT OF CITYWIDE ADMIN SERVICE,2021,6786799087
DEPARTMENT OF CONSUMER AFFAIRS,2021,129205018
DEPARTMENT OF CORRECTION,2021,3981187416
DEPARTMENT OF CULTURAL AFFAIRS,2021,651868877
DEPARTMENT OF DESIGN & CONSTRUCTION,2021,1182398378
DEPARTMENT OF EDUCATION,2021,84870668263
DEPARTMENT OF EMERGENCY MANAGEMENT,2021,1018364451
DEPARTMENT OF EMPLOYMENT,2021,0
DEPARTMENT OF ENVIRONMENTAL PROTECT.,2021,4393864892
DEPARTMENT OF FINANCE,2021,981875360
DEPARTMENT OF HEALTH AND MENTAL HYGIENE,2021,5783980722
DEPARTMENT OF HOMELESS SERVICES,2021,6593344657
DEPARTMENT OF INFO TECH & TELECOMM,2021,2337352703
DEPARTMENT OF INVESTIGATION,2021,185419819
DEPARTMENT OF JUVENILE JUSTICE,2021,0
DEPARTMENT OF MENTAL HEALTH,2021,0
DEPARTMENT OF PARKS AND RECREATION,2021,1813200975
DEPARTMENT OF PROBATION,2021,367262760
DEPARTMENT OF RECORDS & INFORMATION SVS,2021,35893133
DEPARTMENT OF SANITATION,2021,5709286433
DEPARTMENT OF SMALL BUSINESS SERVICES,2021,1056909198
DEPARTMENT OF SOCIAL SERVICES,2021,31118804735
DEPARTMENT OF TRANSPORTATION,2021,3417943311
DEPARTMENT OF VETERANS' SERVICES,2021,18164429
DEPARTMENT OF YOUTH & COMMUNITY DEV,2021,2940739004
DISTRICT ATTORNEY BRONX COUNTY,2021,275297131
DISTRICT ATTORNEY KINGS COUNTY,2021,367258867
DISTRICT ATTORNEY NEW YORK COUNTY,2021,437451419
DISTRICT ATTORNEY QUEENS COUNTY,2021,229543757
DISTRICT ATTORNEY RICHMOND COUNTY,2021,58499209
DISTRICTING COMMISSION,2021,0
ENERGY ADJUSTMENT,2021,0
EQUAL EMPLOYMENT PRACTICES COMMISSION,2021,3607406
FINANCIAL INFORMATION SERVICE AGENCY,2021,340748874
FIRE DEPARTMENT,2021,6517862726
HEALTH AND HOSPITALS CORP,2021,3044235753
HOUSING PRESERVATION AND DEVELOPMENT,2021,3964670825
INDEPENDENT BUDGET OFFICE,2021,17055897
LANDMARKS PRESERVATION COMM.,2021,21183230
LAW DEPARTMENT,2021,817341123
LEASE ADJUSTMENT,2021,0
MANHATTAN COMMUNITY BOARD #1,2021,1404485
MANHATTAN COMMUNITY BOARD #10,2021,1254362
MANHATTAN COMMUNITY BOARD #11,2021,1133595
MANHATTAN COMMUNITY BOARD #12,2021,1360460
MANHATTAN COMMUNITY BOARD #2,2021,1291132
MANHATTAN COMMUNITY BOARD #3,2021,1316824
MANHATTAN COMMUNITY BOARD #4,2021,1342417
MANHATTAN COMMUNITY BOARD #5,2021,1194774
MANHATTAN COMMUNITY BOARD #6,2021,1736570
MANHATTAN COMMUNITY BOARD #7,2021,1186250
MANHATTAN COMMUNITY BOARD #8,2021,1409054
MANHATTAN COMMUNITY BOARD #9,2021,1300266
MAYORALTY,2021,520550584
MISCELLANEOUS,2021,34630057890
NEW YORK PUBLIC LIBRARY,2021,469925418
NEW YORK RESEARCH LIBRARIES,2021,93088304
NYC TAXI AND LIMOUSINE COMM,2021,161539752
OFFICE OF ADMINISTRATIVE TAX APPEALS,2021,17563239
OFFICE OF ADMIN TRIALS & HEARINGS,2021,148988248
OFFICE OF COLLECTIVE BARGAINING,2021,7173851
OFFICE OF PAYROLL ADMINISTRATION,2021,48565905
OFFICE OF PROSECUTION SPEC NARCO,2021,74945567
OFFICE OF THE ACTUARY,2021,21717259
OFFICE OF THE COMPTROLLER,2021,341267849
PENSION CONTRIBUTIONS,2021,29582484224
POLICE DEPARTMENT,2021,17846531029
PUBLIC ADMINISTRATOR-BRONX COUNTY,2021,2197114
PUBLIC ADMINISTRATOR-KINGS COUNTY,2021,2706009
PUBLIC ADMINISTRATOR-NEW YORK COUNTY,2021,4309789
PUBLIC ADMINISTRATOR- QUEENS COUNTY,2021,1925329
PUBLIC ADMINISTRATOR-RICHMOND COUNTY,2021,1710263
PUBLIC ADVOCATE,2021,13449621
QUEENS BOROUGH PUBLIC LIBRARY,2021,369690764
QUEENS COMMUNITY BOARD #1,2021,1153121
QUEENS COMMUNITY BOARD #10,2021,1032102
QUEENS COMMUNITY BOARD #11,2021,1140059
QUEENS COMMUNITY BOARD #12,2021,1075204
QUEENS COMMUNITY BOARD #13,2021,1025709
QUEENS COMMUNITY BOARD #14,2021,982776
QUEENS COMMUNITY BOARD #2,2021,1133873
QUEENS COMMUNITY BOARD #3,2021,1240916
QUEENS COMMUNITY BOARD #4,2021,1100942
QUEENS COMMUNITY BOARD #5,2021,1013709
QUEENS COMMUNITY BOARD #6,2021,1059326
QUEENS COMMUNITY BOARD #7,2021,1196206
QUEENS COMMUNITY BOARD #8,2021,1139899
QUEENS COMMUNITY BOARD #9,2021,895891
STATEN ISLAND COMMUNITY BOARD #1,2021,1071248
STATEN ISLAND COMMUNITY BOARD #2,2021,1021658
STATEN ISLAND COMMUNITY BOARD #3,2021,1226537
ADMIN FOR CHILDREN'S SERVICES,2022,8121458212
BOARD OF CORRECTION,2022,7466098
BOARD OF ELECTIONS,2022,583988211
BOROUGH PRESIDENT BRONX,2022,19279925
BOROUGH PRESIDENT - BROOKLYN,2022,22429905
BOROUGH PRESIDENT - MANHATTAN,2022,16075624
BOROUGH PRESIDENT - QUEENS,2022,18805913
BOROUGH PRESIDENT STATEN ISLAND,2022,14464226
BRONX COMMUNITY BOARD #1,2022,936388
BRONX COMMUNITY BOARD #10,2022,956087
BRONX COMMUNITY BOARD #11,2022,918074
BRONX COMMUNITY BOARD #12,2022,767972
BRONX COMMUNITY BOARD #2,2022,1017161
BRONX COMMUNITY BOARD #3,2022,937375
BRONX COMMUNITY BOARD #4,2022,752729
BRONX COMMUNITY BOARD #5,2022,724956
BRONX COMMUNITY BOARD #6,2022,739129
BRONX COMMUNITY BOARD #7,2022,925245
BRONX COMMUNITY BOARD #8,2022,916506
BRONX COMMUNITY BOARD #9,2022,1240426
BROOKLYN COMMUNITY BOARD #1,2022,1077052
BROOKLYN COMMUNITY BOARD #10,2022,1029560
BROOKLYN COMMUNITY BOARD #11,2022,960238
BROOKLYN COMMUNITY BOARD #12,2022,1021771
BROOKLYN COMMUNITY BOARD #13,2022,970346
BROOKLYN COMMUNITY BOARD #14,2022,986119
BROOKLYN COMMUNITY BOARD #15,2022,739213
BROOKLYN COMMUNITY BOARD #16,2022,851916
BROOKLYN COMMUNITY BOARD #17,2022,1035417
BROOKLYN COMMUNITY BOARD #18,2022,739219
BROOKLYN COMMUNITY BOARD #2,2022,961309
BROOKLYN COMMUNITY BOARD #3,2022,900499
BROOKLYN COMMUNITY BOARD #4,2022,911848
BROOKLYN COMMUNITY BOARD #5,2022,742385
BROOKLYN COMMUNITY BOARD #6,2022,778114
BROOKLYN COMMUNITY BOARD #7,2022,749797
BROOKLYN COMMUNITY BOARD #8,2022,968005
BROOKLYN COMMUNITY BOARD #9,2022,1076348
BROOKLYN PUBLIC LIBRARY,2022,355099448
BUSINESS INTEGRITY COMMISSION,2022,27307577
CAMPAIGN FINANCE BOARD,2022,301358879
CITY CLERK,2022,16198631
CITY COUNCIL,2022,246899845
CITY UNIVERSITY OF NEW YORK,2022,3990208942
CITYWIDE SAVINGS INITIATIVES,2022,0
CIVILIAN COMPLAINT REVIEW BOARD,2022,60582784
CIVIL SERVICE COMMISSION,2022,3321458
COMMISSION ON HUMAN RIGHTS,2022,38184248
CONFLICTS OF INTEREST BOARD,2022,7604625
DEBT SERVICE,2022,17676554228
DEPARTMENT FOR THE AGING,2022,1242015212
DEPARTMENT OF BUILDINGS,2022,606574121
DEPARTMENT OF CITY PLANNING,2022,138024445
DEPARTMENT OF CITYWIDE ADMIN SERVICE,2022,5950841494
DEPARTMENT OF CONSUMER AFFAIRS,2022,43492423
DEPARTMENT OF CORRECTION,2022,3542347383
DEPARTMENT OF CULTURAL AFFAIRS,2022,575694907
DEPARTMENT OF DESIGN & CONSTRUCTION,2022,1052424843
DEPARTMENT OF EDUCATION,2022,86838644074
DEPARTMENT OF EMERGENCY MANAGEMENT,2022,1436326792
DEPARTMENT OF EMPLOYMENT,2022,0
DEPARTMENT OF ENVIRONMENTAL PROTECT.,2022,4482280462
DEPARTMENT OF FINANCE,2022,965831302
DEPARTMENT OF HEALTH AND MENTAL HYGIENE,2022,7084123524
DEPARTMENT OF HOMELESS SERVICES,2022,8094229915
DEPARTMENT OF INFO TECH & TELECOMM,2022,3093900321
DEPARTMENT OF INVESTIGATION,2022,175948684
DEPARTMENT OF JUVENILE JUSTICE,2022,0
DEPARTMENT OF MENTAL HEALTH,2022,0
DEPARTMENT OF PARKS AND RECREATION,2022,1703410588
DEPARTMENT OF PROBATION,2022,381693018
DEPARTMENT OF RECORDS & INFORMATION SVS,2022,34612570
DEPARTMENT OF SANITATION,2022,6814715268
DEPARTMENT OF SMALL BUSINESS SERVICES,2022,899009912
DEPARTMENT OF SOCIAL SERVICES,2022,29505853169
DEPARTMENT OF TRANSPORTATION,2022,3407216531
DEPARTMENT OF VETERANS' SERVICES,2022,19043847
DEPARTMENT OF YOUTH & COMMUNITY DEV,2022,2729298555
DEPT OF CONSUMER & WORKER PROTECTION,2022,86456112
DISTRICT ATTORNEY BRONX COUNTY,2022,281372390
DISTRICT ATTORNEY KINGS COUNTY,2022,380034321
DISTRICT ATTORNEY NEW YORK COUNTY,2022,425454796
DISTRICT ATTORNEY QUEENS COUNTY,2022,234444413
DISTRICT ATTORNEY RICHMOND COUNTY,2022,58517158
DISTRICTING COMMISSION,2022,0
ENERGY ADJUSTMENT,2022,0
EQUAL EMPLOYMENT PRACTICES COMMISSION,2022,3625125
FINANCIAL INFORMATION SERVICE AGENCY,2022,339196132
FIRE DEPARTMENT,2022,6608491779
HEALTH AND HOSPITALS CORP,2022,6722012750
HOUSING PRESERVATION AND DEVELOPMENT,2022,3984459338
INDEPENDENT BUDGET OFFICE,2022,17612461
LANDMARKS PRESERVATION COMM.,2022,20641804
LAW DEPARTMENT,2022,783124220
LEASE ADJUSTMENT,2022,0
MANHATTAN COMMUNITY BOARD #1,2022,1238947
MANHATTAN COMMUNITY BOARD #10,2022,1235544
MANHATTAN COMMUNITY BOARD #11,2022,1035619
MANHATTAN COMMUNITY BOARD #12,2022,1259686
MANHATTAN COMMUNITY BOARD #2,2022,1143074
MANHATTAN COMMUNITY BOARD #3,2022,1192361
MANHATTAN COMMUNITY BOARD #4,2022,1212541
MANHATTAN COMMUNITY BOARD #5,2022,1023081
MANHATTAN COMMUNITY BOARD #6,2022,1572183
MANHATTAN COMMUNITY BOARD #7,2022,1123847
MANHATTAN COMMUNITY BOARD #8,2022,1276167
MANHATTAN COMMUNITY BOARD #9,2022,1151142
MAYORALTY,2022,471469122
MISCELLANEOUS,2022,30742518972
NEW YORK PUBLIC LIBRARY,2022,476587376
NEW YORK RESEARCH LIBRARIES,2022,92270012
NYC TAXI AND LIMOUSINE COMM,2022,224277992
OFFICE OF ADMINISTRATIVE TAX APPEALS,2022,17611019
OFFICE OF ADMIN TRIALS & HEARINGS,2022,139923756
OFFICE OF COLLECTIVE BARGAINING,2022,7211158
OFFICE OF PAYROLL ADMINISTRATION,2022,46443072
OFFICE OF PROSECUTION SPEC NARCO,2022,77627928
OFFICE OF THE ACTUARY,2022,21131104
OFFICE OF THE COMPTROLLER,2022,328951301
PENSION CONTRIBUTIONS,2022,28900242007
POLICE DEPARTMENT,2022,16332201995
PUBLIC ADMINISTRATOR-BRONX COUNTY,2022,2262609
PUBLIC ADMINISTRATOR-KINGS COUNTY,2022,2758711
PUBLIC ADMINISTRATOR-NEW YORK COUNTY,2022,3632315
PUBLIC ADMINISTRATOR- QUEENS COUNTY,2022,1976148
PUBLIC ADMINISTRATOR-RICHMOND COUNTY,2022,1731368
PUBLIC ADVOCATE,2022,13876964
QUEENS BOROUGH PUBLIC LIBRARY,2022,366813614
QUEENS COMMUNITY BOARD #1,2022,1033027
QUEENS COMMUNITY BOARD #10,2022,901884
QUEENS COMMUNITY BOARD #11,2022,983729
QUEENS COMMUNITY BOARD #12,2022,930672
QUEENS COMMUNITY BOARD #13,2022,878453
QUEENS COMMUNITY BOARD #14,2022,841460
QUEENS COMMUNITY BOARD #2,2022,1005382
QUEENS COMMUNITY BOARD #3,2022,1103962
QUEENS COMMUNITY BOARD #4,2022,953267
QUEENS COMMUNITY BOARD #5,2022,871842
QUEENS COMMUNITY BOARD #6,2022,913668
QUEENS COMMUNITY BOARD #7,2022,1047437
QUEENS COMMUNITY BOARD #8,2022,995084
QUEENS COMMUNITY BOARD #9,2022,748595
STATEN ISLAND COMMUNITY BOARD #1,2022,932923
STATEN ISLAND COMMUNITY BOARD #2,2022,879190
STATEN ISLAND COMMUNITY BOARD #3,2022,1082955
ADMIN FOR CHILDREN'S SERVICES,2023,8272779417
BOARD OF CORRECTION,2023,8669419
BOARD OF ELECTIONS,2023,647405049
BOROUGH PRESIDENT BRONX,2023,21886958
BOROUGH PRESIDENT - BROOKLYN,2023,26592669
BOROUGH PRESIDENT - MANHATTAN,2023,18237547
BOROUGH PRESIDENT - QUEENS,2023,21722229
BOROUGH PRESIDENT STATEN ISLAND,2023,16151037
BRONX COMMUNITY BOARD #1,2023,981684
BRONX COMMUNITY BOARD #10,2023,1008934
BRONX COMMUNITY BOARD #11,2023,969702
BRONX COMMUNITY BOARD #12,2023,817909
BRONX COMMUNITY BOARD #2,2023,1033605
BRONX COMMUNITY BOARD #3,2023,978222
BRONX COMMUNITY BOARD #4,2023,833026
BRONX COMMUNITY BOARD #5,2023,810165
BRONX COMMUNITY BOARD #6,2023,784905
BRONX COMMUNITY BOARD #7,2023,1039158
BRONX COMMUNITY BOARD #8,2023,1030678
BRONX COMMUNITY BOARD #9,2023,1108671
BROOKLYN COMMUNITY BOARD #1,2023,1115129
BROOKLYN COMMUNITY BOARD #10,2023,1084955
BROOKLYN COMMUNITY BOARD #11,2023,1005608
BROOKLYN COMMUNITY BOARD #12,2023,1050549
BROOKLYN COMMUNITY BOARD #13,2023,1018121
BROOKLYN COMMUNITY BOARD #14,2023,1162879
BROOKLYN COMMUNITY BOARD #15,2023,783657
BROOKLYN COMMUNITY BOARD #16,2023,937125
BROOKLYN COMMUNITY BOARD #17,2023,1094855
BROOKLYN COMMUNITY BOARD #18,2023,783663
BROOKLYN COMMUNITY BOARD #2,2023,1007481
BROOKLYN COMMUNITY BOARD #3,2023,928323
BROOKLYN COMMUNITY BOARD #4,2023,956517
BROOKLYN COMMUNITY BOARD #5,2023,781521
BROOKLYN COMMUNITY BOARD #6,2023,823410
BROOKLYN COMMUNITY BOARD #7,2023,794409
BROOKLYN COMMUNITY BOARD #8,2023,1031653
BROOKLYN COMMUNITY BOARD #9,2023,1144404
BROOKLYN PUBLIC LIBRARY,2023,355262121
BUSINESS INTEGRITY COMMISSION,2023,27529085
CAMPAIGN FINANCE BOARD,2023,174108939
CITY CLERK,2023,18157768
CITY COUNCIL,2023,241719837
CITY UNIVERSITY OF NEW YORK,2023,4357433279
CITYWIDE SAVINGS INITIATIVES,2023,0
CIVILIAN COMPLAINT REVIEW BOARD,2023,71216978
CIVIL SERVICE COMMISSION,2023,3521868
COMMISSION ON HUMAN RIGHTS,2023,40509360
CONFLICTS OF INTEREST BOARD,2023,7683296
DEBT SERVICE,2023,13184075918
DEPARTMENT FOR THE AGING,2023,1690377360
DEPARTMENT OF BUILDINGS,2023,697887328
DEPARTMENT OF CITY PLANNING,2023,135365202
DEPARTMENT OF CITYWIDE ADMIN SERVICE,2023,4725662879
DEPARTMENT OF CORRECTION,2023,3997165850
DEPARTMENT OF CULTURAL AFFAIRS,2023,702299396
DEPARTMENT OF DESIGN & CONSTRUCTION,2023,889512461
DEPARTMENT OF EDUCATION,2023,95812650983
DEPARTMENT OF EMERGENCY MANAGEMENT,2023,2339629545
DEPARTMENT OF EMPLOYMENT,2023,0
DEPARTMENT OF ENVIRONMENTAL PROTECT.,2023,4744483387
DEPARTMENT OF FINANCE,2023,1004433056
DEPARTMENT OF HEALTH AND MENTAL HYGIENE,2023,9702038934
DEPARTMENT OF HOMELESS SERVICES,2023,8338268537
DEPARTMENT OF INFO TECH & TELECOMM,2023,2950773542
DEPARTMENT OF INVESTIGATION,2023,175180345
DEPARTMENT OF JUVENILE JUSTICE,2023,0
DEPARTMENT OF MENTAL HEALTH,2023,0
DEPARTMENT OF PARKS AND RECREATION,2023,1927561592
DEPARTMENT OF PROBATION,2023,384581620
DEPARTMENT OF RECORDS & INFORMATION SVS,2023,51998876
DEPARTMENT OF SANITATION,2023,5859555654
DEPARTMENT OF SMALL BUSINESS SERVICES,2023,1753845903
DEPARTMENT OF SOCIAL SERVICES,2023,34176976477
DEPARTMENT OF TRANSPORTATION,2023,3930550601
DEPARTMENT OF VETERANS' SERVICES,2023,18327898
DEPARTMENT OF YOUTH & COMMUNITY DEV,2023,3150332789
DEPT OF CONSUMER & WORKER PROTECTION,2023,183839400
DISTRICT ATTORNEY BRONX COUNTY,2023,297610457
DISTRICT ATTORNEY KINGS COUNTY,2023,382465157
DISTRICT ATTORNEY NEW YORK COUNTY,2023,496125562
DISTRICT ATTORNEY QUEENS COUNTY,2023,254282443
DISTRICT ATTORNEY RICHMOND COUNTY,2023,68033984
DISTRICTING COMMISSION,2023,1283532
ENERGY ADJUSTMENT,2023,0
EQUAL EMPLOYMENT PRACTICES COMMISSION,2023,4047890
FINANCIAL INFORMATION SERVICE AGENCY,2023,349612286
FIRE DEPARTMENT,2023,7074551640
HEALTH AND HOSPITALS CORP,2023,7333918341
HOUSING PRESERVATION AND DEVELOPMENT,2023,4294954897
INDEPENDENT BUDGET OFFICE,2023,19720818
LANDMARKS PRESERVATION COMM.,2023,21543380
LAW DEPARTMENT,2023,839822364
LEASE ADJUSTMENT,2023,0
MANHATTAN COMMUNITY BOARD #1,2023,1155441
MANHATTAN COMMUNITY BOARD #10,2023,1331367
MANHATTAN COMMUNITY BOARD #11,2023,1105406
MANHATTAN COMMUNITY BOARD #12,2023,1344137
MANHATTAN COMMUNITY BOARD #2,2023,1181557
MANHATTAN COMMUNITY BOARD #3,2023,1222474
MANHATTAN COMMUNITY BOARD #4,2023,1240226
MANHATTAN COMMUNITY BOARD #5,2023,1080338
MANHATTAN COMMUNITY BOARD #6,2023,1687728
MANHATTAN COMMUNITY BOARD #7,2023,1177157
MANHATTAN COMMUNITY BOARD #8,2023,1332180
MANHATTAN COMMUNITY BOARD #9,2023,1217771
MAYORALTY,2023,543651880
MISCELLANEOUS,2023,43169262127
NEW YORK PUBLIC LIBRARY,2023,482896257
NEW YORK RESEARCH LIBRARIES,2023,92712045
NYC TAXI AND LIMOUSINE COMM,2023,403542121
OFFICE OF ADMINISTRATIVE TAX APPEALS,2023,17958567
OFFICE OF ADMIN TRIALS & HEARINGS,2023,167949736
OFFICE OF COLLECTIVE BARGAINING,2023,7221411
OFFICE OF PAYROLL ADMINISTRATION,2023,47779040
OFFICE OF PROSECUTION SPEC NARCO,2023,78316920
OFFICE OF THE ACTUARY,2023,20781277
OFFICE OF THE COMPTROLLER,2023,326256027
PENSION CONTRIBUTIONS,2023,29591496319
POLICE DEPARTMENT,2023,17162788085
PUBLIC ADMINISTRATOR-BRONX COUNTY,2023,2229957
PUBLIC ADMINISTRATOR-KINGS COUNTY,2023,2699084
PUBLIC ADMINISTRATOR-NEW YORK COUNTY,2023,3683165
PUBLIC ADMINISTRATOR- QUEENS COUNTY,2023,1984092
PUBLIC ADMINISTRATOR-RICHMOND COUNTY,2023,1795336
PUBLIC ADVOCATE,2023,15673338
QUEENS BOROUGH PUBLIC LIBRARY,2023,368367943
QUEENS COMMUNITY BOARD #1,2023,1088100
QUEENS COMMUNITY BOARD #10,2023,946744
QUEENS COMMUNITY BOARD #11,2023,1048851
QUEENS COMMUNITY BOARD #12,2023,980226
QUEENS COMMUNITY BOARD #13,2023,941503
QUEENS COMMUNITY BOARD #14,2023,869710
QUEENS COMMUNITY BOARD #2,2023,1049994
QUEENS COMMUNITY BOARD #3,2023,1120128
QUEENS COMMUNITY BOARD #4,2023,963695
QUEENS COMMUNITY BOARD #5,2023,918318
QUEENS COMMUNITY BOARD #6,2023,967947
QUEENS COMMUNITY BOARD #7,2023,1194144
QUEENS COMMUNITY BOARD #8,2023,1043710
QUEENS COMMUNITY BOARD #9,2023,795073
STATEN ISLAND COMMUNITY BOARD #1,2023,982863
STATEN ISLAND COMMUNITY BOARD #2,2023,963696
STATEN ISLAND COMMUNITY BOARD #3,2023,1133861
ADMIN FOR CHILDREN'S SERVICES,2024,8960645131
BOARD OF CORRECTION,2024,9457979
BOARD OF ELECTIONS,2024,673074572
BOROUGH PRESIDENT BRONX,2024,20262587
BOROUGH PRESIDENT - BROOKLYN,2024,24070198
BOROUGH PRESIDENT - MANHATTAN,2024,16688209
BOROUGH PRESIDENT - QUEENS,2024,21273895
BOROUGH PRESIDENT STATEN ISLAND,2024,15294570
BRONX COMMUNITY BOARD #1,2024,1018235
BRONX COMMUNITY BOARD #10,2024,1017110
BRONX COMMUNITY BOARD #11,2024,980948
BRONX COMMUNITY BOARD #12,2024,817017
BRONX COMMUNITY BOARD #2,2024,1020208
BRONX COMMUNITY BOARD #3,2024,982117
BRONX COMMUNITY BOARD #4,2024,828166
BRONX COMMUNITY BOARD #5,2024,787199
BRONX COMMUNITY BOARD #6,2024,785820
BRONX COMMUNITY BOARD #7,2024,1053048
BRONX COMMUNITY BOARD #8,2024,984170
BRONX COMMUNITY BOARD #9,2024,983683
BROOKLYN COMMUNITY BOARD #1,2024,1149056
BROOKLYN COMMUNITY BOARD #10,2024,1100759
BROOKLYN COMMUNITY BOARD #11,2024,1006777
BROOKLYN COMMUNITY BOARD #12,2024,1051403
BROOKLYN COMMUNITY BOARD #13,2024,1025983
BROOKLYN COMMUNITY BOARD #14,2024,1121641
BROOKLYN COMMUNITY BOARD #15,2024,779577
BROOKLYN COMMUNITY BOARD #16,2024,904095
BROOKLYN COMMUNITY BOARD #17,2024,1092143
BROOKLYN COMMUNITY BOARD #18,2024,784290
BROOKLYN COMMUNITY BOARD #2,2024,1004916
BROOKLYN COMMUNITY BOARD #3,2024,936165
BROOKLYN COMMUNITY BOARD #4,2024,952470
BROOKLYN COMMUNITY BOARD #5,2024,781893
BROOKLYN COMMUNITY BOARD #6,2024,1075883
BROOKLYN COMMUNITY BOARD #7,2024,797370
BROOKLYN COMMUNITY BOARD #8,2024,1032721
BROOKLYN COMMUNITY BOARD #9,2024,1147469
BROOKLYN PUBLIC LIBRARY,2024,383180780
BUSINESS INTEGRITY COMMISSION,2024,27453013
CAMPAIGN FINANCE BOARD,2024,233616283
CITY CLERK,2024,18037219
CITY COUNCIL,2024,300082446
CITY UNIVERSITY OF NEW YORK,2024,4425718208
CIVILIAN COMPLAINT REVIEW BOARD,2024,69706838
CIVIL SERVICE COMMISSION,2024,3432983
COMMISSION ON HUMAN RIGHTS,2024,40798597
COMMISSION ON RACIAL EQUITY,2024,0
CONFLICTS OF INTEREST BOARD,2024,7962775
CRIMINAL JUSTICE COORDINATOR,2024,0
DEBT SERVICE,2024,14068022326
DEPARTMENT FOR THE AGING,2024,1632007587
DEPARTMENT OF BUILDINGS,2024,651214979
DEPARTMENT OF CITY PLANNING,2024,141753134
DEPARTMENT OF CITYWIDE ADMIN SERVICE,2024,4860389251
DEPARTMENT OF CORRECTION,2024,3885240170
DEPARTMENT OF CULTURAL AFFAIRS,2024,730329001
DEPARTMENT OF DESIGN & CONSTRUCTION,2024,891501133
DEPARTMENT OF EDUCATION,2024,93793195404
DEPARTMENT OF EMERGENCY MANAGEMENT,2024,548537544
DEPARTMENT OF EMPLOYMENT,2024,0
DEPARTMENT OF ENVIRONMENTAL PROTECT.,2024,4961545114
DEPARTMENT OF FINANCE,2024,1032271295
DEPARTMENT OF HEALTH AND MENTAL HYGIENE,2024,8838855712
DEPARTMENT OF HOMELESS SERVICES,2024,8979273191
DEPARTMENT OF INFO TECH & TELECOMM,2024,2573211362
DEPARTMENT OF INVESTIGATION,2024,170717488
DEPARTMENT OF JUVENILE JUSTICE,2024,0
DEPARTMENT OF MENTAL HEALTH,2024,0
DEPARTMENT OF PARKS AND RECREATION,2024,1910111056
DEPARTMENT OF PROBATION,2024,387221542
DEPARTMENT OF RECORDS & INFORMATION SVS,2024,50659178
DEPARTMENT OF SANITATION,2024,5733247869
DEPARTMENT OF SMALL BUSINESS SERVICES,2024,1211051216
DEPARTMENT OF SOCIAL SERVICES,2024,34421498197
DEPARTMENT OF TRANSPORTATION,2024,4370084205
DEPARTMENT OF VETERANS' SERVICES,2024,17995795
DEPARTMENT OF YOUTH & COMMUNITY DEV,2024,3548266418
DEPT OF CONSUMER & WORKER PROTECTION,2024,206027684
DISTRICT ATTORNEY BRONX COUNTY,2024,314351894
DISTRICT ATTORNEY KINGS COUNTY,2024,404455669
DISTRICT ATTORNEY NEW YORK COUNTY,2024,487796062
DISTRICT ATTORNEY QUEENS COUNTY,2024,269620514
DISTRICT ATTORNEY RICHMOND COUNTY,2024,69951920
DISTRICTING COMMISSION,2024,3276771
ENERGY ADJUSTMENT,2024,0
EQUAL EMPLOYMENT PRACTICES COMMISSION,2024,3896950
FINANCIAL INFORMATION SERVICE AGENCY,2024,348700447
FIRE DEPARTMENT,2024,7481345274
HEALTH AND HOSPITALS CORP,2024,5174963010
HOUSING PRESERVATION AND DEVELOPMENT,2024,4360434293
INDEPENDENT BUDGET OFFICE,2024,19522849
LANDMARKS PRESERVATION COMM.,2024,23114146
LAW DEPARTMENT,2024,830014099
LEASE ADJUSTMENT,2024,0
MANHATTAN COMMUNITY BOARD #1,2024,1150171
MANHATTAN COMMUNITY BOARD #10,2024,1342290
MANHATTAN COMMUNITY BOARD #11,2024,1147739
MANHATTAN COMMUNITY BOARD #12,2024,1329125
MANHATTAN COMMUNITY BOARD #2,2024,1296902
MANHATTAN COMMUNITY BOARD #3,2024,1235520
MANHATTAN COMMUNITY BOARD #4,2024,1204515
MANHATTAN COMMUNITY BOARD #5,2024,1104458
MANHATTAN COMMUNITY BOARD #6,2024,1674891
MANHATTAN COMMUNITY BOARD #7,2024,1179691
MANHATTAN COMMUNITY BOARD #8,2024,1315661
MANHATTAN COMMUNITY BOARD #9,2024,1351967
MAYORALTY,2024,601872910
MISCELLANEOUS,2024,44946186628
NEW YORK PUBLIC LIBRARY,2024,513058673
NEW YORK RESEARCH LIBRARIES,2024,95705430
NYC TAXI AND LIMOUSINE COMM,2024,489384260
OFFICE OF ADMINISTRATIVE TAX APPEALS,2024,18146695
OFFICE OF ADMIN TRIALS & HEARINGS,2024,192477194
OFFICE OF COLLECTIVE BARGAINING,2024,7388768
OFFICE OF PAYROLL ADMINISTRATION,2024,46561200
OFFICE OF PROSECUTION SPEC NARCO,2024,79055623
OFFICE OF RACIAL EQUITY,2024,0
OFFICE OF THE ACTUARY,2024,21141649
OFFICE OF THE COMPTROLLER,2024,343525413
PENSION CONTRIBUTIONS,2024,27936048540
POLICE DEPARTMENT,2024,17792879760
PUBLIC ADMINISTRATOR-BRONX COUNTY,2024,2269060
PUBLIC ADMINISTRATOR-KINGS COUNTY,2024,2916263
PUBLIC ADMINISTRATOR-NEW YORK COUNTY,2024,3707997
PUBLIC ADMINISTRATOR- QUEENS COUNTY,2024,1991291
PUBLIC ADMINISTRATOR-RICHMOND COUNTY,2024,1813310
PUBLIC ADVOCATE,2024,15557422
QUEENS BOROUGH PUBLIC LIBRARY,2024,392544272
QUEENS COMMUNITY BOARD #1,2024,1104774
QUEENS COMMUNITY BOARD #10,2024,937591
QUEENS COMMUNITY BOARD #11,2024,1043323
QUEENS COMMUNITY BOARD #12,2024,997211
QUEENS COMMUNITY BOARD #13,2024,973631
QUEENS COMMUNITY BOARD #14,2024,879229
QUEENS COMMUNITY BOARD #2,2024,1055092
QUEENS COMMUNITY BOARD #3,2024,1106107
QUEENS COMMUNITY BOARD #4,2024,957032
QUEENS COMMUNITY BOARD #5,2024,923688
QUEENS COMMUNITY BOARD #6,2024,981164
QUEENS COMMUNITY BOARD #7,2024,1114758
QUEENS COMMUNITY BOARD #8,2024,1052138
QUEENS COMMUNITY BOARD #9,2024,795475
STATEN ISLAND COMMUNITY BOARD #1,2024,987734
STATEN ISLAND COMMUNITY BOARD #2,2024,972424
STATEN ISLAND COMMUNITY BOARD #3,2024,1145790
ADMIN FOR CHILDREN'S SERVICES,2025,9815408200
BOARD OF CORRECTION,2025,10261256
BOARD OF ELECTIONS,2025,673878813
BOROUGH PRESIDENT BRONX,2025,20002347
BOROUGH PRESIDENT - BROOKLYN,2025,22157771
BOROUGH PRESIDENT - MANHATTAN,2025,17955272
BOROUGH PRESIDENT - QUEENS,2025,20793651
BOROUGH PRESIDENT STATEN ISLAND,2025,15088677
BRONX COMMUNITY BOARD #1,2025,1036886
BRONX COMMUNITY BOARD #10,2025,1055883
BRONX COMMUNITY BOARD #11,2025,1173105
BRONX COMMUNITY BOARD #12,2025,814165
BRONX COMMUNITY BOARD #2,2025,1056276
BRONX COMMUNITY BOARD #3,2025,1040266
BRONX COMMUNITY BOARD #4,2025,861415
BRONX COMMUNITY BOARD #5,2025,805638
BRONX COMMUNITY BOARD #6,2025,835652
BRONX COMMUNITY BOARD #7,2025,1069066
BRONX COMMUNITY BOARD #8,2025,1049601
BRONX COMMUNITY BOARD #9,2025,1299723
BROOKLYN COMMUNITY BOARD #1,2025,1024709
BROOKLYN COMMUNITY BOARD #10,2025,1182550
BROOKLYN COMMUNITY BOARD #11,2025,1032093
BROOKLYN COMMUNITY BOARD #12,2025,1082700
BROOKLYN COMMUNITY BOARD #13,2025,1055067
BROOKLYN COMMUNITY BOARD #14,2025,1154696
BROOKLYN COMMUNITY BOARD #15,2025,800766
BROOKLYN COMMUNITY BOARD #16,2025,927585
BROOKLYN COMMUNITY BOARD #17,2025,1117196
BROOKLYN COMMUNITY BOARD #18,2025,812407
BROOKLYN COMMUNITY BOARD #2,2025,1046615
BROOKLYN COMMUNITY BOARD #3,2025,946978
BROOKLYN COMMUNITY BOARD #4,2025,989960
BROOKLYN COMMUNITY BOARD #5,2025,822540
BROOKLYN COMMUNITY BOARD #6,2025,1108067
BROOKLYN COMMUNITY BOARD #7,2025,837136
BROOKLYN COMMUNITY BOARD #8,2025,1061682
BROOKLYN COMMUNITY BOARD #9,2025,1184331
BROOKLYN PUBLIC LIBRARY,2025,384877154
BUSINESS INTEGRITY COMMISSION,2025,26460605
CAMPAIGN FINANCE BOARD,2025,198597071
CITY CLERK,2025,17231491
CITY COUNCIL,2025,308266473
CITY UNIVERSITY OF NEW YORK,2025,4489323637
CIVILIAN COMPLAINT REVIEW BOARD,2025,76008988
CIVIL SERVICE COMMISSION,2025,3263357
COMMISSION ON HUMAN RIGHTS,2025,39414866
COMMISSION ON RACIAL EQUITY,2025,2991517
CONFLICTS OF INTEREST BOARD,2025,7777850
DEBT SERVICE,2025,15977622897
DEPARTMENT FOR THE AGING,2025,1546274303
DEPARTMENT OF BUILDINGS,2025,616342720
DEPARTMENT OF CITY PLANNING,2025,154859640
DEPARTMENT OF CITYWIDE ADMIN SERVICE,2025,5647421084
DEPARTMENT OF CORRECTION,2025,3615546715
DEPARTMENT OF CULTURAL AFFAIRS,2025,685997712
DEPARTMENT OF DESIGN & CONSTRUCTION,2025,562046099
DEPARTMENT OF EDUCATION,2025,97738900583
DEPARTMENT OF EMERGENCY MANAGEMENT,2025,690491175
DEPARTMENT OF EMPLOYMENT,2025,0
DEPARTMENT OF ENVIRONMENTAL PROTECT.,2025,5129370179
DEPARTMENT OF FINANCE,2025,1049185788
DEPARTMENT OF HEALTH AND MENTAL HYGIENE,2025,8059857541
DEPARTMENT OF HOMELESS SERVICES,2025,11902142496
DEPARTMENT OF INFO TECH & TELECOMM,2025,2766010405
DEPARTMENT OF INVESTIGATION,2025,173817308
DEPARTMENT OF JUVENILE JUSTICE,2025,0
DEPARTMENT OF MENTAL HEALTH,2025,0
DEPARTMENT OF PARKS AND RECREATION,2025,1911401028
DEPARTMENT OF PROBATION,2025,358002782
DEPARTMENT OF RECORDS & INFORMATION SVS,2025,46882742
DEPARTMENT OF SANITATION,2025,5872814604
DEPARTMENT OF SMALL BUSINESS SERVICES,2025,988696105
DEPARTMENT OF SOCIAL SERVICES,2025,37052063637
DEPARTMENT OF TRANSPORTATION,2025,4289854784
DEPARTMENT OF VETERANS' SERVICES,2025,17894724
DEPARTMENT OF YOUTH & COMMUNITY DEV,2025,4042347107
DEPT OF CONSUMER & WORKER PROTECTION,2025,201842975
DISTRICT ATTORNEY BRONX COUNTY,2025,354000997
DISTRICT ATTORNEY KINGS COUNTY,2025,480177463
DISTRICT ATTORNEY NEW YORK COUNTY,2025,580421660
DISTRICT ATTORNEY QUEENS COUNTY,2025,327896246
DISTRICT ATTORNEY RICHMOND COUNTY,2025,91529263
DISTRICTING COMMISSION,2025,0
ENERGY ADJUSTMENT,2025,0
EQUAL EMPLOYMENT PRACTICES COMMISSION,2025,3739312
FINANCIAL INFORMATION SERVICE AGENCY,2025,357853747
FIRE DEPARTMENT,2025,7800169581
HEALTH AND HOSPITALS CORP,2025,8129928014
HOUSING PRESERVATION AND DEVELOPMENT,2025,5415446112
INDEPENDENT BUDGET OFFICE,2025,21437533
LANDMARKS PRESERVATION COMM.,2025,25632454
LAW DEPARTMENT,2025,894448824
LEASE ADJUSTMENT,2025,0
MANHATTAN COMMUNITY BOARD #1,2025,1220836
MANHATTAN COMMUNITY BOARD #10,2025,1358319
MANHATTAN COMMUNITY BOARD #11,2025,1140965
MANHATTAN COMMUNITY BOARD #12,2025,1627469
MANHATTAN COMMUNITY BOARD #2,2025,1323907
MANHATTAN COMMUNITY BOARD #3,2025,1437106
MANHATTAN COMMUNITY BOARD #4,2025,1543217
MANHATTAN COMMUNITY BOARD #5,2025,1153563
MANHATTAN COMMUNITY BOARD #6,2025,1768414
MANHATTAN COMMUNITY BOARD #7,2025,1363892
MANHATTAN COMMUNITY BOARD #8,2025,1351624
MANHATTAN COMMUNITY BOARD #9,2025,1249014
MAYORALTY,2025,552885030
MISCELLANEOUS,2025,44925801180
NEW YORK PUBLIC LIBRARY,2025,507939817
NEW YORK RESEARCH LIBRARIES,2025,98526674
NYC TAXI AND LIMOUSINE COMM,2025,181279032
OFFICE OF ADMINISTRATIVE TAX APPEALS,2025,17767070
OFFICE OF ADMIN TRIALS & HEARINGS,2025,195694079
OFFICE OF COLLECTIVE BARGAINING,2025,7534428
OFFICE OF CRIMINAL JUSTICE,2025,82302045
OFFICE OF PAYROLL ADMINISTRATION,2025,48990650
OFFICE OF PROSECUTION SPEC NARCO,2025,89398305
OFFICE OF RACIAL EQUITY,2025,11475508
OFFICE OF THE ACTUARY,2025,22053906
OFFICE OF THE COMPTROLLER,2025,353023962
PENSION CONTRIBUTIONS,2025,28332251973
POLICE DEPARTMENT,2025,18957523033
PUBLIC ADMINISTRATOR-BRONX COUNTY,2025,2234372
PUBLIC ADMINISTRATOR-KINGS COUNTY,2025,2854128
PUBLIC ADMINISTRATOR-NEW YORK COUNTY,2025,3651933
PUBLIC ADMINISTRATOR- QUEENS COUNTY,2025,1998559
PUBLIC ADMINISTRATOR-RICHMOND COUNTY,2025,1866514
PUBLIC ADVOCATE,2025,15163705
QUEENS BOROUGH PUBLIC LIBRARY,2025,397563534
QUEENS COMMUNITY BOARD #1,2025,1134099
QUEENS COMMUNITY BOARD #10,2025,949948
QUEENS COMMUNITY BOARD #11,2025,1074855
QUEENS COMMUNITY BOARD #12,2025,1038095
QUEENS COMMUNITY BOARD #13,2025,992339
QUEENS COMMUNITY BOARD #14,2025,904671
QUEENS COMMUNITY BOARD #2,2025,1185262
QUEENS COMMUNITY BOARD #3,2025,1135662
QUEENS COMMUNITY BOARD #4,2025,992705
QUEENS COMMUNITY BOARD #5,2025,960852
QUEENS COMMUNITY BOARD #6,2025,1021486
QUEENS COMMUNITY BOARD #7,2025,1132726
QUEENS COMMUNITY BOARD #8,2025,1082492
QUEENS COMMUNITY BOARD #9,2025,823791
STATEN ISLAND COMMUNITY BOARD #1,2025,1026298
STATEN ISLAND COMMUNITY BOARD #2,2025,994236
STATEN ISLAND COMMUNITY BOARD #3,2025,1210998
ADMIN FOR CHILDREN'S SERVICES,2026,10921825314
BOARD OF CORRECTION,2026,11109891
BOARD OF ELECTIONS,2026,661133665
BOROUGH PRESIDENT BRONX,2026,21515758
BOROUGH PRESIDENT - BROOKLYN,2026,24005847
BOROUGH PRESIDENT - MANHATTAN,2026,18371431
BOROUGH PRESIDENT - QUEENS,2026,20725231
BOROUGH PRESIDENT STATEN ISLAND,2026,16018039
BRONX COMMUNITY BOARD #1,2026,1081557
BRONX COMMUNITY BOARD #10,2026,1124003
BRONX COMMUNITY BOARD #11,2026,1089994
BRONX COMMUNITY BOARD #12,2026,880836
BRONX COMMUNITY BOARD #2,2026,1118292
BRONX COMMUNITY BOARD #3,2026,1007358
BRONX COMMUNITY BOARD #4,2026,907350
BRONX COMMUNITY BOARD #5,2026,865920
BRONX COMMUNITY BOARD #6,2026,874491
BRONX COMMUNITY BOARD #7,2026,1369779
BRONX COMMUNITY BOARD #8,2026,1082268
BRONX COMMUNITY BOARD #9,2026,1127307
BROOKLYN COMMUNITY BOARD #1,2026,1165778
BROOKLYN COMMUNITY BOARD #10,2026,1149026
BROOKLYN COMMUNITY BOARD #11,2026,1075099
BROOKLYN COMMUNITY BOARD #12,2026,1143724
BROOKLYN COMMUNITY BOARD #13,2026,1103664
BROOKLYN COMMUNITY BOARD #14,2026,1683994
BROOKLYN COMMUNITY BOARD #15,2026,829347
BROOKLYN COMMUNITY BOARD #16,2026,927399
BROOKLYN COMMUNITY BOARD #17,2026,1181577
BROOKLYN COMMUNITY BOARD #18,2026,856533
BROOKLYN COMMUNITY BOARD #2,2026,1083951
BROOKLYN COMMUNITY BOARD #3,2026,955054
BROOKLYN COMMUNITY BOARD #4,2026,1022448
BROOKLYN COMMUNITY BOARD #5,2026,861018
BROOKLYN COMMUNITY BOARD #6,2026,1180647
BROOKLYN COMMUNITY BOARD #7,2026,881583
BROOKLYN COMMUNITY BOARD #8,2026,1115579
BROOKLYN COMMUNITY BOARD #9,2026,1232806
BROOKLYN PUBLIC LIBRARY,2026,419568942
BUSINESS INTEGRITY COMMISSION,2026,26464048
CAMPAIGN FINANCE BOARD,2026,406741508
CITY CLERK,2026,22526619
CITY COUNCIL,2026,325252506
CITY UNIVERSITY OF NEW YORK,2026,4276577356
CIVILIAN COMPLAINT REVIEW BOARD,2026,82965107
CIVIL SERVICE COMMISSION,2026,3507201
COMMISSION ON HUMAN RIGHTS,2026,41850385
COMMISSION ON RACIAL EQUITY,2026,6972407
CONFLICTS OF INTEREST BOARD,2026,8221689
DEBT SERVICE,2026,16441989116
DEPARTMENT FOR THE AGING,2026,1671299231
DEPARTMENT OF BUILDINGS,2026,612120280
DEPARTMENT OF CITY PLANNING,2026,170109307
DEPARTMENT OF CITYWIDE ADMIN SERVICE,2026,6209359756
DEPARTMENT OF CORRECTION,2026,3645985514
DEPARTMENT OF CULTURAL AFFAIRS,2026,765368598
DEPARTMENT OF DESIGN & CONSTRUCTION,2026,557278284
DEPARTMENT OF EDUCATION,2026,101221428252
DEPARTMENT OF EMERGENCY MANAGEMENT,2026,424898431
DEPARTMENT OF EMPLOYMENT,2026,0
DEPARTMENT OF ENVIRONMENTAL PROTECT.,2026,5201901885
DEPARTMENT OF FINANCE,2026,1075563087
DEPARTMENT OF HEALTH AND MENTAL HYGIENE,2026,8188885829
DEPARTMENT OF HOMELESS SERVICES,2026,12341746209
DEPARTMENT OF INFO TECH & TELECOMM,2026,2802551392
DEPARTMENT OF INVESTIGATION,2026,190349454
DEPARTMENT OF JUVENILE JUSTICE,2026,0
DEPARTMENT OF MENTAL HEALTH,2026,0
DEPARTMENT OF PARKS AND RECREATION,2026,1951417336
DEPARTMENT OF PROBATION,2026,374145363
DEPARTMENT OF RECORDS & INFORMATION SVS,2026,46195662
DEPARTMENT OF SANITATION,2026,6005931156
DEPARTMENT OF SMALL BUSINESS SERVICES,2026,977951593
DEPARTMENT OF SOCIAL SERVICES,2026,39672181958
DEPARTMENT OF TRANSPORTATION,2026,4517134194
DEPARTMENT OF VETERANS' SERVICES,2026,20182195
DEPARTMENT OF YOUTH & COMMUNITY DEV,2026,4209980071
DEPT OF CONSUMER & WORKER PROTECTION,2026,202067119
DISTRICT ATTORNEY BRONX COUNTY,2026,432754668
DISTRICT ATTORNEY KINGS COUNTY,2026,516501588
DISTRICT ATTORNEY NEW YORK COUNTY,2026,637501631
DISTRICT ATTORNEY QUEENS COUNTY,2026,380451371
DISTRICT ATTORNEY RICHMOND COUNTY,2026,93356018
DISTRICTING COMMISSION,2026,0
ENERGY ADJUSTMENT,2026,0
EQUAL EMPLOYMENT PRACTICES COMMISSION,2026,4399363
FINANCIAL INFORMATION SERVICE AGENCY,2026,359967493
FIRE DEPARTMENT,2026,8238201096
HEALTH AND HOSPITALS CORP,2026,9458777221
HOUSING PRESERVATION AND DEVELOPMENT,2026,6560996603
INDEPENDENT BUDGET OFFICE,2026,23807435
LANDMARKS PRESERVATION COMM.,2026,26289602
LAW DEPARTMENT,2026,956198882
LEASE ADJUSTMENT,2026,0
MANHATTAN COMMUNITY BOARD #1,2026,1321269
MANHATTAN COMMUNITY BOARD #10,2026,1359852
MANHATTAN COMMUNITY BOARD #11,2026,1191861
MANHATTAN COMMUNITY BOARD #12,2026,1294623
MANHATTAN COMMUNITY BOARD #2,2026,1378149
MANHATTAN COMMUNITY BOARD #3,2026,1370119
MANHATTAN COMMUNITY BOARD #4,2026,1624224
MANHATTAN COMMUNITY BOARD #5,2026,1448364
MANHATTAN COMMUNITY BOARD #6,2026,1838862
MANHATTAN COMMUNITY BOARD #7,2026,1298082
MANHATTAN COMMUNITY BOARD #8,2026,1397025
MANHATTAN COMMUNITY BOARD #9,2026,1320639
MAYORALTY,2026,538353080
MISCELLANEOUS,2026,41883671989
NEW YORK PUBLIC LIBRARY,2026,549331382
NEW YORK RESEARCH LIBRARIES,2026,105890775
NYC TAXI AND LIMOUSINE COMM,2026,176315981
OFFICE OF ADMINISTRATIVE TAX APPEALS,2026,17637465
OFFICE OF ADMIN TRIALS & HEARINGS,2026,222696763
OFFICE OF COLLECTIVE BARGAINING,2026,8259827
OFFICE OF CRIMINAL JUSTICE,2026,2918741366
OFFICE OF PAYROLL ADMINISTRATION,2026,52600993
OFFICE OF PROSECUTION SPEC NARCO,2026,94935266
OFFICE OF RACIAL EQUITY,2026,17029067
OFFICE OF THE ACTUARY,2026,22310329
OFFICE OF THE COMPTROLLER,2026,373170107
PENSION CONTRIBUTIONS,2026,30168004993
POLICE DEPARTMENT,2026,19692133720
PUBLIC ADMINISTRATOR-BRONX COUNTY,2026,2500681
PUBLIC ADMINISTRATOR-KINGS COUNTY,2026,3350185
PUBLIC ADMINISTRATOR-NEW YORK COUNTY,2026,3881756
PUBLIC ADMINISTRATOR- QUEENS COUNTY,2026,2043428
PUBLIC ADMINISTRATOR-RICHMOND COUNTY,2026,2012726
PUBLIC ADVOCATE,2026,16873859
QUEENS BOROUGH PUBLIC LIBRARY,2026,427659188
QUEENS COMMUNITY BOARD #1,2026,1219149
QUEENS COMMUNITY BOARD #10,2026,989777
QUEENS COMMUNITY BOARD #11,2026,1116098
QUEENS COMMUNITY BOARD #12,2026,1067056
QUEENS COMMUNITY BOARD #13,2026,1034424
QUEENS COMMUNITY BOARD #14,2026,909177
QUEENS COMMUNITY BOARD #2,2026,1229907
QUEENS COMMUNITY BOARD #3,2026,1171470
QUEENS COMMUNITY BOARD #4,2026,1058423
QUEENS COMMUNITY BOARD #5,2026,1028547
QUEENS COMMUNITY BOARD #6,2026,1111199
QUEENS COMMUNITY BOARD #7,2026,1164537
QUEENS COMMUNITY BOARD #8,2026,1137235
QUEENS COMMUNITY BOARD #9,2026,859746
STATEN ISLAND COMMUNITY BOARD #1,2026,1075986
STATEN ISLAND COMMUNITY BOARD #2,2026,961086
STATEN ISLAND COMMUNITY BOARD #3,2026,1263440
ADMIN FOR CHILDREN'S SERVICES,2027,12463197978
BOARD OF CORRECTION,2027,11978214
BOARD OF ELECTIONS,2027,672337062
BOROUGH PRESIDENT BRONX,2027,21559645
BOROUGH PRESIDENT - BROOKLYN,2027,23816513
BOROUGH PRESIDENT - MANHATTAN,2027,18537659
BOROUGH PRESIDENT - QUEENS,2027,23984003
BOROUGH PRESIDENT STATEN ISLAND,2027,16107792
BRONX COMMUNITY BOARD #1,2027,1100829
BRONX COMMUNITY BOARD #10,2027,1150177
BRONX COMMUNITY BOARD #11,2027,1120017
BRONX COMMUNITY BOARD #12,2027,888006
BRONX COMMUNITY BOARD #2,2027,1229445
BRONX COMMUNITY BOARD #3,2027,1021387
BRONX COMMUNITY BOARD #4,2027,941004
BRONX COMMUNITY BOARD #5,2027,850620
BRONX COMMUNITY BOARD #6,2027,891660
BRONX COMMUNITY BOARD #7,2027,1197320
BRONX COMMUNITY BOARD #8,2027,1097140
BRONX COMMUNITY BOARD #9,2027,1361610
BROOKLYN COMMUNITY BOARD #1,2027,1179451
BROOKLYN COMMUNITY BOARD #10,2027,1178862
BROOKLYN COMMUNITY BOARD #11,2027,1151666
BROOKLYN COMMUNITY BOARD #12,2027,1122380
BROOKLYN COMMUNITY BOARD #13,2027,1242899
BROOKLYN COMMUNITY BOARD #14,2027,1278360
BROOKLYN COMMUNITY BOARD #15,2027,842913
BROOKLYN COMMUNITY BOARD #16,2027,939195
BROOKLYN COMMUNITY BOARD #17,2027,1211516
BROOKLYN COMMUNITY BOARD #18,2027,876603
BROOKLYN COMMUNITY BOARD #2,2027,1097301
BROOKLYN COMMUNITY BOARD #3,2027,962452
BROOKLYN COMMUNITY BOARD #4,2027,1037217
BROOKLYN COMMUNITY BOARD #5,2027,878622
BROOKLYN COMMUNITY BOARD #6,2027,1198401
BROOKLYN COMMUNITY BOARD #7,2027,902781
BROOKLYN COMMUNITY BOARD #8,2027,1142913
BROOKLYN COMMUNITY BOARD #9,2027,1265190
BROOKLYN PUBLIC LIBRARY,2027,443787599
BUSINESS INTEGRITY COMMISSION,2027,27505691
CAMPAIGN FINANCE BOARD,2027,350148711
CITY CLERK,2027,26654275
CITY COUNCIL,2027,345149481
CITY UNIVERSITY OF NEW YORK,2027,4904238566
CITYWIDE SAVINGS INITIATIVES,2027,0
CIVILIAN COMPLAINT REVIEW BOARD,2027,88242174
CIVIL SERVICE COMMISSION,2027,3627247
COMMISSION ON HUMAN RIGHTS,2027,44477166
COMMISSION ON RACIAL EQUITY,2027,14241223
CONFLICTS OF INTEREST BOARD,2027,8582250
DEBT SERVICE,2027,16102275580
DEPARTMENT FOR THE AGING,2027,1846079065
DEPARTMENT OF BUILDINGS,2027,667499882
DEPARTMENT OF CITY PLANNING,2027,168674413
DEPARTMENT OF CITYWIDE ADMIN SERVICE,2027,5710368550
DEPARTMENT OF CORRECTION,2027,3994824133
DEPARTMENT OF CULTURAL AFFAIRS,2027,902237414
DEPARTMENT OF DESIGN & CONSTRUCTION,2027,537619349
DEPARTMENT OF EDUCATION,2027,110094175087
DEPARTMENT OF EMERGENCY MANAGEMENT,2027,261187123
DEPARTMENT OF ENVIRONMENTAL PROTECT.,2027,5715406274
DEPARTMENT OF FINANCE,2027,1150263027
DEPARTMENT OF HEALTH AND MENTAL HYGIENE,2027,8491850380
DEPARTMENT OF HOMELESS SERVICES,2027,12860959406
DEPARTMENT OF INFO TECH & TELECOMM,2027,2862626456
DEPARTMENT OF INVESTIGATION,2027,195775436
DEPARTMENT OF PARKS AND RECREATION,2027,2143280996
DEPARTMENT OF PROBATION,2027,360150216
DEPARTMENT OF RECORDS & INFORMATION SVS,2027,48534368
DEPARTMENT OF SANITATION,2027,6617575833
DEPARTMENT OF SMALL BUSINESS SERVICES,2027,1040685763
DEPARTMENT OF SOCIAL SERVICES,2027,41367377009
DEPARTMENT OF TRANSPORTATION,2027,4723840954
DEPARTMENT OF VETERANS' SERVICES,2027,22553263
DEPARTMENT OF YOUTH & COMMUNITY DEV,2027,4603001210
DEPT OF CONSUMER & WORKER PROTECTION,2027,251104214
DISTRICT ATTORNEY BRONX COUNTY,2027,485547525
DISTRICT ATTORNEY KINGS COUNTY,2027,604119158
DISTRICT ATTORNEY NEW YORK COUNTY,2027,666017276
DISTRICT ATTORNEY QUEENS COUNTY,2027,377960219
DISTRICT ATTORNEY RICHMOND COUNTY,2027,97806923
ENERGY ADJUSTMENT,2027,0
EQUAL EMPLOYMENT PRACTICES COMMISSION,2027,4606023
FINANCIAL INFORMATION SERVICE AGENCY,2027,376624697
FIRE DEPARTMENT,2027,8311400181
HEALTH AND HOSPITALS CORP,2027,6390149473
HOUSING PRESERVATION AND DEVELOPMENT,2027,6120924973
INDEPENDENT BUDGET OFFICE,2027,24858540
LANDMARKS PRESERVATION COMM.,2027,26904682
LAW DEPARTMENT,2027,938045297
LEASE ADJUSTMENT,2027,0
MANHATTAN COMMUNITY BOARD #1,2027,1414497
MANHATTAN COMMUNITY BOARD #10,2027,1544466
MANHATTAN COMMUNITY BOARD #11,2027,1232014
MANHATTAN COMMUNITY BOARD #12,2027,1350123
MANHATTAN COMMUNITY BOARD #2,2027,1428010
MANHATTAN COMMUNITY BOARD #3,2027,1390125
MANHATTAN COMMUNITY BOARD #4,2027,1347123
MANHATTAN COMMUNITY BOARD #5,2027,1260143
MANHATTAN COMMUNITY BOARD #6,2027,1882989
MANHATTAN COMMUNITY BOARD #7,2027,1429692
MANHATTAN COMMUNITY BOARD #8,2027,1421856
MANHATTAN COMMUNITY BOARD #9,2027,1336331
MAYORALTY,2027,581440903
MISCELLANEOUS,2027,43239542872
NEW YORK PUBLIC LIBRARY,2027,582410477
NEW YORK RESEARCH LIBRARIES,2027,114632694
NYC TAXI AND LIMOUSINE COMM,2027,185873783
OFFICE OF ADMINISTRATIVE TAX APPEALS,2027,19132021
OFFICE OF ADMIN TRIALS & HEARINGS,2027,238791844
OFFICE OF COLLECTIVE BARGAINING,2027,8437585
OFFICE OF COMMUNITY SAFETY,2027,0
OFFICE OF CRIMINAL JUSTICE,2027,3120148705
OFFICE OF PAYROLL ADMINISTRATION,2027,56740086
OFFICE OF PROSECUTION SPEC NARCO,2027,95083647
OFFICE OF RACIAL EQUITY,2027,17437287
OFFICE OF THE ACTUARY,2027,22786065
OFFICE OF THE COMPTROLLER,2027,391858034
PENSION CONTRIBUTIONS,2027,30792502497
POLICE DEPARTMENT,2027,20305254775
PRIOR YEAR PAYABLES,2027,0
PUBLIC ADMINISTRATOR-BRONX COUNTY,2027,3368207
PUBLIC ADMINISTRATOR-KINGS COUNTY,2027,3440515
PUBLIC ADMINISTRATOR-NEW YORK COUNTY,2027,3842465
PUBLIC ADMINISTRATOR- QUEENS COUNTY,2027,2083824
PUBLIC ADMINISTRATOR-RICHMOND COUNTY,2027,2065655
PUBLIC ADVOCATE,2027,17063079
QUEENS BOROUGH PUBLIC LIBRARY,2027,455813749
QUEENS COMMUNITY BOARD #1,2027,1247556
QUEENS COMMUNITY BOARD #10,2027,1022095
QUEENS COMMUNITY BOARD #11,2027,1134499
QUEENS COMMUNITY BOARD #12,2027,1114713
QUEENS COMMUNITY BOARD #13,2027,1075892
QUEENS COMMUNITY BOARD #14,2027,916721
QUEENS COMMUNITY BOARD #2,2027,1249698
QUEENS COMMUNITY BOARD #3,2027,1209759
QUEENS COMMUNITY BOARD #4,2027,1079071
QUEENS COMMUNITY BOARD #5,2027,1054492
QUEENS COMMUNITY BOARD #6,2027,1151837
QUEENS COMMUNITY BOARD #7,2027,1184736
QUEENS COMMUNITY BOARD #8,2027,1220220
QUEENS COMMUNITY BOARD #9,2027,877243
STATEN ISLAND COMMUNITY BOARD #1,2027,1109232
STATEN ISLAND COMMUNITY BOARD #2,2027,977061
STATEN ISLAND COMMUNITY BOARD #3,2027,1298443
